run_id,run_name,metric,dims,value
1,blend,cov90,"{""h"":10}",0.88535
1,blend,cov90,"{""h"":11}",0.872611
1,blend,cov90,"{""h"":12}",0.88535
1,blend,cov90,"{""h"":13}",0.878981
1,blend,cov90,"{""h"":14}",0.878981
1,blend,cov90,"{""h"":15}",0.872611
1,blend,cov90,"{""h"":16}",0.872611
1,blend,cov90,"{""h"":17}",0.866242
1,blend,cov90,"{""h"":18}",0.859873
1,blend,cov90,"{""h"":19}",0.859873
1,blend,cov90,"{""h"":1}",0.898089
1,blend,cov90,"{""h"":20}",0.872611
1,blend,cov90,"{""h"":21}",0.866242
1,blend,cov90,"{""h"":22}",0.859873
1,blend,cov90,"{""h"":23}",0.859873
1,blend,cov90,"{""h"":24}",0.859873
1,blend,cov90,"{""h"":2}",0.878981
1,blend,cov90,"{""h"":3}",0.88535
1,blend,cov90,"{""h"":4}",0.89172
1,blend,cov90,"{""h"":5}",0.88535
1,blend,cov90,"{""h"":6}",0.878981
1,blend,cov90,"{""h"":7}",0.88535
1,blend,cov90,"{""h"":8}",0.872611
1,blend,cov90,"{""h"":9}",0.88535
1,blend,mean_pinball_loss,"{""h"":10}",0.293818
1,blend,mean_pinball_loss,"{""h"":11}",0.315577
1,blend,mean_pinball_loss,"{""h"":12}",0.351853
1,blend,mean_pinball_loss,"{""h"":13}",0.38188
1,blend,mean_pinball_loss,"{""h"":14}",0.415393
1,blend,mean_pinball_loss,"{""h"":15}",0.438677
1,blend,mean_pinball_loss,"{""h"":16}",0.464857
1,blend,mean_pinball_loss,"{""h"":17}",0.487802
1,blend,mean_pinball_loss,"{""h"":18}",0.506441
1,blend,mean_pinball_loss,"{""h"":19}",0.531607
1,blend,mean_pinball_loss,"{""h"":1}",0.042581
1,blend,mean_pinball_loss,"{""h"":20}",0.555677
1,blend,mean_pinball_loss,"{""h"":21}",0.569478
1,blend,mean_pinball_loss,"{""h"":22}",0.5859
1,blend,mean_pinball_loss,"{""h"":23}",0.591378
1,blend,mean_pinball_loss,"{""h"":24}",0.604155
1,blend,mean_pinball_loss,"{""h"":2}",0.075722
1,blend,mean_pinball_loss,"{""h"":3}",0.106227
1,blend,mean_pinball_loss,"{""h"":4}",0.132988
1,blend,mean_pinball_loss,"{""h"":5}",0.156498
1,blend,mean_pinball_loss,"{""h"":6}",0.186097
1,blend,mean_pinball_loss,"{""h"":7}",0.208097
1,blend,mean_pinball_loss,"{""h"":8}",0.238599
1,blend,mean_pinball_loss,"{""h"":9}",0.265872
1,blend,mae,"{""h"":10}",0.869434
1,blend,mae,"{""h"":11}",0.961175
1,blend,mae,"{""h"":12}",1.068688
1,blend,mae,"{""h"":13}",1.173887
1,blend,mae,"{""h"":14}",1.289335
1,blend,mae,"{""h"":15}",1.383894
1,blend,mae,"{""h"":16}",1.472744
1,blend,mae,"{""h"":17}",1.552098
1,blend,mae,"{""h"":18}",1.614732
1,blend,mae,"{""h"":19}",1.713165
1,blend,mae,"{""h"":1}",0.125837
1,blend,mae,"{""h"":20}",1.79552
1,blend,mae,"{""h"":21}",1.861519
1,blend,mae,"{""h"":22}",1.921807
1,blend,mae,"{""h"":23}",1.967488
1,blend,mae,"{""h"":24}",1.998515
1,blend,mae,"{""h"":2}",0.224587
1,blend,mae,"{""h"":3}",0.319246
1,blend,mae,"{""h"":4}",0.395316
1,blend,mae,"{""h"":5}",0.455534
1,blend,mae,"{""h"":6}",0.52148
1,blend,mae,"{""h"":7}",0.598427
1,blend,mae,"{""h"":8}",0.689886
1,blend,mae,"{""h"":9}",0.773042
1,blend,mae,"{""issue"":""apr"",""target"":""apr_jun_monthly_mean_max""}",0.302581
1,blend,mae,"{""issue"":""apr"",""target"":""september_monthly_mean""}",0.50329
1,blend,mae,"{""issue"":""aug"",""target"":""september_monthly_mean""}",0.187543
1,blend,mae,"{""issue"":""feb"",""target"":""apr_jun_monthly_mean_max""}",0.57273
1,blend,mae,"{""issue"":""feb"",""target"":""september_monthly_mean""}",0.720531
1,blend,mae,"{""issue"":""jan"",""target"":""apr_jun_monthly_mean_max""}",0.71034
1,blend,mae,"{""issue"":""jan"",""target"":""september_monthly_mean""}",0.900177
1,blend,mae,"{""issue"":""jul"",""target"":""september_monthly_mean""}",0.299106
1,blend,mae,"{""issue"":""jun"",""target"":""september_monthly_mean""}",0.362619
1,blend,mae,"{""issue"":""mar"",""target"":""apr_jun_monthly_mean_max""}",0.426375
1,blend,mae,"{""issue"":""mar"",""target"":""september_monthly_mean""}",0.646247
1,blend,mae,"{""issue"":""may"",""target"":""apr_jun_monthly_mean_max""}",0.122044
1,blend,mae,"{""issue"":""may"",""target"":""september_monthly_mean""}",0.378495
1,blend,mae_ratio,"{""h"":10}",0.709308
1,blend,mae_ratio,"{""h"":11}",0.77879
1,blend,mae_ratio,"{""h"":12}",0.831672
1,blend,mae_ratio,"{""h"":13}",0.858999
1,blend,mae_ratio,"{""h"":14}",0.861414
1,blend,mae_ratio,"{""h"":15}",0.847262
1,blend,mae_ratio,"{""h"":16}",0.837568
1,blend,mae_ratio,"{""h"":17}",0.83631
1,blend,mae_ratio,"{""h"":18}",0.845074
1,blend,mae_ratio,"{""h"":19}",0.886527
1,blend,mae_ratio,"{""h"":1}",0.375123
1,blend,mae_ratio,"{""h"":20}",0.938607
1,blend,mae_ratio,"{""h"":21}",0.993341
1,blend,mae_ratio,"{""h"":22}",1.052785
1,blend,mae_ratio,"{""h"":23}",1.091128
1,blend,mae_ratio,"{""h"":24}",1.114354
1,blend,mae_ratio,"{""h"":2}",0.352636
1,blend,mae_ratio,"{""h"":3}",0.354929
1,blend,mae_ratio,"{""h"":4}",0.356207
1,blend,mae_ratio,"{""h"":5}",0.363092
1,blend,mae_ratio,"{""h"":6}",0.391887
1,blend,mae_ratio,"{""h"":7}",0.44515
1,blend,mae_ratio,"{""h"":8}",0.52604
1,blend,mae_ratio,"{""h"":9}",0.615334
1,blend,n,"{""issue"":""apr"",""target"":""apr_jun_monthly_mean_max""}",13.0
1,blend,n,"{""issue"":""apr"",""target"":""september_monthly_mean""}",13.0
1,blend,n,"{""issue"":""aug"",""target"":""september_monthly_mean""}",13.0
1,blend,n,"{""issue"":""feb"",""target"":""apr_jun_monthly_mean_max""}",13.0
1,blend,n,"{""issue"":""feb"",""target"":""september_monthly_mean""}",13.0
1,blend,n,"{""issue"":""jan"",""target"":""apr_jun_monthly_mean_max""}",13.0
1,blend,n,"{""issue"":""jan"",""target"":""september_monthly_mean""}",13.0
1,blend,n,"{""issue"":""jul"",""target"":""september_monthly_mean""}",13.0
1,blend,n,"{""issue"":""jun"",""target"":""september_monthly_mean""}",13.0
1,blend,n,"{""issue"":""mar"",""target"":""apr_jun_monthly_mean_max""}",13.0
1,blend,n,"{""issue"":""mar"",""target"":""september_monthly_mean""}",13.0
1,blend,n,"{""issue"":""may"",""target"":""apr_jun_monthly_mean_max""}",13.0
1,blend,n,"{""issue"":""may"",""target"":""september_monthly_mean""}",13.0
1,blend,rmse,"{""h"":10}",1.186795
1,blend,rmse,"{""h"":11}",1.282922
1,blend,rmse,"{""h"":12}",1.389548
1,blend,rmse,"{""h"":13}",1.501847
1,blend,rmse,"{""h"":14}",1.616675
1,blend,rmse,"{""h"":15}",1.70944
1,blend,rmse,"{""h"":16}",1.816607
1,blend,rmse,"{""h"":17}",1.8968
1,blend,rmse,"{""h"":18}",1.959212
1,blend,rmse,"{""h"":19}",2.065698
1,blend,rmse,"{""h"":1}",0.174873
1,blend,rmse,"{""h"":20}",2.151643
1,blend,rmse,"{""h"":21}",2.220525
1,blend,rmse,"{""h"":22}",2.288662
1,blend,rmse,"{""h"":23}",2.335574
1,blend,rmse,"{""h"":24}",2.368285
1,blend,rmse,"{""h"":2}",0.310823
1,blend,rmse,"{""h"":3}",0.42924
1,blend,rmse,"{""h"":4}",0.548563
1,blend,rmse,"{""h"":5}",0.651245
1,blend,rmse,"{""h"":6}",0.763548
1,blend,rmse,"{""h"":7}",0.871564
1,blend,rmse,"{""h"":8}",0.983623
1,blend,rmse,"{""h"":9}",1.084098
2,blend_swe,cov90,"{""h"":10}",0.878981
2,blend_swe,cov90,"{""h"":11}",0.88535
2,blend_swe,cov90,"{""h"":12}",0.878981
2,blend_swe,cov90,"{""h"":13}",0.89172
2,blend_swe,cov90,"{""h"":14}",0.866242
2,blend_swe,cov90,"{""h"":15}",0.872611
2,blend_swe,cov90,"{""h"":16}",0.866242
2,blend_swe,cov90,"{""h"":17}",0.859873
2,blend_swe,cov90,"{""h"":18}",0.866242
2,blend_swe,cov90,"{""h"":19}",0.859873
2,blend_swe,cov90,"{""h"":1}",0.88535
2,blend_swe,cov90,"{""h"":20}",0.872611
2,blend_swe,cov90,"{""h"":21}",0.859873
2,blend_swe,cov90,"{""h"":22}",0.859873
2,blend_swe,cov90,"{""h"":23}",0.859873
2,blend_swe,cov90,"{""h"":24}",0.847134
2,blend_swe,cov90,"{""h"":2}",0.878981
2,blend_swe,cov90,"{""h"":3}",0.88535
2,blend_swe,cov90,"{""h"":4}",0.872611
2,blend_swe,cov90,"{""h"":5}",0.872611
2,blend_swe,cov90,"{""h"":6}",0.88535
2,blend_swe,cov90,"{""h"":7}",0.89172
2,blend_swe,cov90,"{""h"":8}",0.88535
2,blend_swe,cov90,"{""h"":9}",0.872611
2,blend_swe,mean_pinball_loss,"{""h"":10}",0.297624
2,blend_swe,mean_pinball_loss,"{""h"":11}",0.317997
2,blend_swe,mean_pinball_loss,"{""h"":12}",0.345543
2,blend_swe,mean_pinball_loss,"{""h"":13}",0.373933
2,blend_swe,mean_pinball_loss,"{""h"":14}",0.412087
2,blend_swe,mean_pinball_loss,"{""h"":15}",0.433854
2,blend_swe,mean_pinball_loss,"{""h"":16}",0.462547
2,blend_swe,mean_pinball_loss,"{""h"":17}",0.481683
2,blend_swe,mean_pinball_loss,"{""h"":18}",0.495256
2,blend_swe,mean_pinball_loss,"{""h"":19}",0.504509
2,blend_swe,mean_pinball_loss,"{""h"":1}",0.041231
2,blend_swe,mean_pinball_loss,"{""h"":20}",0.524417
2,blend_swe,mean_pinball_loss,"{""h"":21}",0.545615
2,blend_swe,mean_pinball_loss,"{""h"":22}",0.546536
2,blend_swe,mean_pinball_loss,"{""h"":23}",0.560887
2,blend_swe,mean_pinball_loss,"{""h"":24}",0.578534
2,blend_swe,mean_pinball_loss,"{""h"":2}",0.075082
2,blend_swe,mean_pinball_loss,"{""h"":3}",0.103012
2,blend_swe,mean_pinball_loss,"{""h"":4}",0.135709
2,blend_swe,mean_pinball_loss,"{""h"":5}",0.165376
2,blend_swe,mean_pinball_loss,"{""h"":6}",0.194516
2,blend_swe,mean_pinball_loss,"{""h"":7}",0.220836
2,blend_swe,mean_pinball_loss,"{""h"":8}",0.249376
2,blend_swe,mean_pinball_loss,"{""h"":9}",0.273088
2,blend_swe,mae,"{""h"":10}",0.89076
2,blend_swe,mae,"{""h"":11}",0.965224
2,blend_swe,mae,"{""h"":12}",1.067403
2,blend_swe,mae,"{""h"":13}",1.171241
2,blend_swe,mae,"{""h"":14}",1.275461
2,blend_swe,mae,"{""h"":15}",1.362463
2,blend_swe,mae,"{""h"":16}",1.442034
2,blend_swe,mae,"{""h"":17}",1.483514
2,blend_swe,mae,"{""h"":18}",1.534914
2,blend_swe,mae,"{""h"":19}",1.589738
2,blend_swe,mae,"{""h"":1}",0.123836
2,blend_swe,mae,"{""h"":20}",1.645039
2,blend_swe,mae,"{""h"":21}",1.690327
2,blend_swe,mae,"{""h"":22}",1.755563
2,blend_swe,mae,"{""h"":23}",1.810994
2,blend_swe,mae,"{""h"":24}",1.855104
2,blend_swe,mae,"{""h"":2}",0.224099
2,blend_swe,mae,"{""h"":3}",0.31342
2,blend_swe,mae,"{""h"":4}",0.401295
2,blend_swe,mae,"{""h"":5}",0.48658
2,blend_swe,mae,"{""h"":6}",0.57459
2,blend_swe,mae,"{""h"":7}",0.658948
2,blend_swe,mae,"{""h"":8}",0.753339
2,blend_swe,mae,"{""h"":9}",0.819898
2,blend_swe,mae,"{""issue"":""apr"",""target"":""apr_jun_monthly_mean_max""}",0.267938
2,blend_swe,mae,"{""issue"":""apr"",""target"":""september_monthly_mean""}",0.497157
2,blend_swe,mae,"{""issue"":""aug"",""target"":""september_monthly_mean""}",0.184594
2,blend_swe,mae,"{""issue"":""feb"",""target"":""apr_jun_monthly_mean_max""}",0.633962
2,blend_swe,mae,"{""issue"":""feb"",""target"":""september_monthly_mean""}",0.739259
2,blend_swe,mae,"{""issue"":""jan"",""target"":""apr_jun_monthly_mean_max""}",0.874295
2,blend_swe,mae,"{""issue"":""jan"",""target"":""september_monthly_mean""}",1.023957
2,blend_swe,mae,"{""issue"":""jul"",""target"":""september_monthly_mean""}",0.292315
2,blend_swe,mae,"{""issue"":""jun"",""target"":""september_monthly_mean""}",0.319656
2,blend_swe,mae,"{""issue"":""mar"",""target"":""apr_jun_monthly_mean_max""}",0.462561
2,blend_swe,mae,"{""issue"":""mar"",""target"":""september_monthly_mean""}",0.674573
2,blend_swe,mae,"{""issue"":""may"",""target"":""apr_jun_monthly_mean_max""}",0.138958
2,blend_swe,mae,"{""issue"":""may"",""target"":""september_monthly_mean""}",0.345758
2,blend_swe,mae_ratio,"{""h"":10}",0.726707
2,blend_swe,mae_ratio,"{""h"":11}",0.782071
2,blend_swe,mae_ratio,"{""h"":12}",0.830672
2,blend_swe,mae_ratio,"{""h"":13}",0.857063
2,blend_swe,mae_ratio,"{""h"":14}",0.852145
2,blend_swe,mae_ratio,"{""h"":15}",0.834141
2,blend_swe,mae_ratio,"{""h"":16}",0.820103
2,blend_swe,mae_ratio,"{""h"":17}",0.799355
2,blend_swe,mae_ratio,"{""h"":18}",0.803301
2,blend_swe,mae_ratio,"{""h"":19}",0.822656
2,blend_swe,mae_ratio,"{""h"":1}",0.369156
2,blend_swe,mae_ratio,"{""h"":20}",0.859943
2,blend_swe,mae_ratio,"{""h"":21}",0.901989
2,blend_swe,mae_ratio,"{""h"":22}",0.961714
2,blend_swe,mae_ratio,"{""h"":23}",1.00434
2,blend_swe,mae_ratio,"{""h"":24}",1.03439
2,blend_swe,mae_ratio,"{""h"":2}",0.351871
2,blend_swe,mae_ratio,"{""h"":3}",0.348452
2,blend_swe,mae_ratio,"{""h"":4}",0.361595
2,blend_swe,mae_ratio,"{""h"":5}",0.387838
2,blend_swe,mae_ratio,"{""h"":6}",0.431798
2,blend_swe,mae_ratio,"{""h"":7}",0.490169
2,blend_swe,mae_ratio,"{""h"":8}",0.574423
2,blend_swe,mae_ratio,"{""h"":9}",0.652631
2,blend_swe,n,"{""issue"":""apr"",""target"":""apr_jun_monthly_mean_max""}",13.0
2,blend_swe,n,"{""issue"":""apr"",""target"":""september_monthly_mean""}",13.0
2,blend_swe,n,"{""issue"":""aug"",""target"":""september_monthly_mean""}",13.0
2,blend_swe,n,"{""issue"":""feb"",""target"":""apr_jun_monthly_mean_max""}",13.0
2,blend_swe,n,"{""issue"":""feb"",""target"":""september_monthly_mean""}",13.0
2,blend_swe,n,"{""issue"":""jan"",""target"":""apr_jun_monthly_mean_max""}",13.0
2,blend_swe,n,"{""issue"":""jan"",""target"":""september_monthly_mean""}",13.0
2,blend_swe,n,"{""issue"":""jul"",""target"":""september_monthly_mean""}",13.0
2,blend_swe,n,"{""issue"":""jun"",""target"":""september_monthly_mean""}",13.0
2,blend_swe,n,"{""issue"":""mar"",""target"":""apr_jun_monthly_mean_max""}",13.0
2,blend_swe,n,"{""issue"":""mar"",""target"":""september_monthly_mean""}",13.0
2,blend_swe,n,"{""issue"":""may"",""target"":""apr_jun_monthly_mean_max""}",13.0
2,blend_swe,n,"{""issue"":""may"",""target"":""september_monthly_mean""}",13.0
2,blend_swe,rmse,"{""h"":10}",1.158858
2,blend_swe,rmse,"{""h"":11}",1.24581
2,blend_swe,rmse,"{""h"":12}",1.341088
2,blend_swe,rmse,"{""h"":13}",1.445898
2,blend_swe,rmse,"{""h"":14}",1.558737
2,blend_swe,rmse,"{""h"":15}",1.64472
2,blend_swe,rmse,"{""h"":16}",1.730304
2,blend_swe,rmse,"{""h"":17}",1.807434
2,blend_swe,rmse,"{""h"":18}",1.880385
2,blend_swe,rmse,"{""h"":19}",1.95222
2,blend_swe,rmse,"{""h"":1}",0.169756
2,blend_swe,rmse,"{""h"":20}",2.007288
2,blend_swe,rmse,"{""h"":21}",2.060323
2,blend_swe,rmse,"{""h"":22}",2.114059
2,blend_swe,rmse,"{""h"":23}",2.167048
2,blend_swe,rmse,"{""h"":24}",2.225482
2,blend_swe,rmse,"{""h"":2}",0.302089
2,blend_swe,rmse,"{""h"":3}",0.423212
2,blend_swe,rmse,"{""h"":4}",0.547215
2,blend_swe,rmse,"{""h"":5}",0.66561
2,blend_swe,rmse,"{""h"":6}",0.779444
2,blend_swe,rmse,"{""h"":7}",0.879823
2,blend_swe,rmse,"{""h"":8}",0.985175
2,blend_swe,rmse,"{""h"":9}",1.073512
3,drift_12m,cov90,"{""h"":10}",0.872611
3,drift_12m,cov90,"{""h"":11}",0.866242
3,drift_12m,cov90,"{""h"":12}",0.872611
3,drift_12m,cov90,"{""h"":13}",0.866242
3,drift_12m,cov90,"{""h"":14}",0.859873
3,drift_12m,cov90,"{""h"":15}",0.853503
3,drift_12m,cov90,"{""h"":16}",0.853503
3,drift_12m,cov90,"{""h"":17}",0.866242
3,drift_12m,cov90,"{""h"":18}",0.859873
3,drift_12m,cov90,"{""h"":19}",0.853503
3,drift_12m,cov90,"{""h"":1}",0.878981
3,drift_12m,cov90,"{""h"":20}",0.847134
3,drift_12m,cov90,"{""h"":21}",0.840764
3,drift_12m,cov90,"{""h"":22}",0.840764
3,drift_12m,cov90,"{""h"":23}",0.859873
3,drift_12m,cov90,"{""h"":24}",0.859873
3,drift_12m,cov90,"{""h"":2}",0.872611
3,drift_12m,cov90,"{""h"":3}",0.89172
3,drift_12m,cov90,"{""h"":4}",0.878981
3,drift_12m,cov90,"{""h"":5}",0.878981
3,drift_12m,cov90,"{""h"":6}",0.88535
3,drift_12m,cov90,"{""h"":7}",0.878981
3,drift_12m,cov90,"{""h"":8}",0.88535
3,drift_12m,cov90,"{""h"":9}",0.878981
3,drift_12m,mean_pinball_loss,"{""h"":10}",0.53644
3,drift_12m,mean_pinball_loss,"{""h"":11}",0.574622
3,drift_12m,mean_pinball_loss,"{""h"":12}",0.624342
3,drift_12m,mean_pinball_loss,"{""h"":13}",0.679306
3,drift_12m,mean_pinball_loss,"{""h"":14}",0.734924
3,drift_12m,mean_pinball_loss,"{""h"":15}",0.795653
3,drift_12m,mean_pinball_loss,"{""h"":16}",0.875438
3,drift_12m,mean_pinball_loss,"{""h"":17}",0.939405
3,drift_12m,mean_pinball_loss,"{""h"":18}",0.976373
3,drift_12m,mean_pinball_loss,"{""h"":19}",1.017034
3,drift_12m,mean_pinball_loss,"{""h"":1}",0.105084
3,drift_12m,mean_pinball_loss,"{""h"":20}",1.056278
3,drift_12m,mean_pinball_loss,"{""h"":21}",1.096809
3,drift_12m,mean_pinball_loss,"{""h"":22}",1.124994
3,drift_12m,mean_pinball_loss,"{""h"":23}",1.159368
3,drift_12m,mean_pinball_loss,"{""h"":24}",1.192869
3,drift_12m,mean_pinball_loss,"{""h"":2}",0.199329
3,drift_12m,mean_pinball_loss,"{""h"":3}",0.287685
3,drift_12m,mean_pinball_loss,"{""h"":4}",0.353824
3,drift_12m,mean_pinball_loss,"{""h"":5}",0.408654
3,drift_12m,mean_pinball_loss,"{""h"":6}",0.450902
3,drift_12m,mean_pinball_loss,"{""h"":7}",0.479495
3,drift_12m,mean_pinball_loss,"{""h"":8}",0.499934
3,drift_12m,mean_pinball_loss,"{""h"":9}",0.514342
3,drift_12m,mae,"{""h"":10}",1.568674
3,drift_12m,mae,"{""h"":11}",1.674079
3,drift_12m,mae,"{""h"":12}",1.810337
3,drift_12m,mae,"{""h"":13}",2.002705
3,drift_12m,mae,"{""h"":14}",2.216018
3,drift_12m,mae,"{""h"":15}",2.432318
3,drift_12m,mae,"{""h"":16}",2.640772
3,drift_12m,mae,"{""h"":17}",2.813462
3,drift_12m,mae,"{""h"":18}",2.938679
3,drift_12m,mae,"{""h"":19}",3.031568
3,drift_12m,mae,"{""h"":1}",0.338748
3,drift_12m,mae,"{""h"":20}",3.114607
3,drift_12m,mae,"{""h"":21}",3.200679
3,drift_12m,mae,"{""h"":22}",3.305868
3,drift_12m,mae,"{""h"":23}",3.446153
3,drift_12m,mae,"{""h"":24}",3.607085
3,drift_12m,mae,"{""h"":2}",0.640601
3,drift_12m,mae,"{""h"":3}",0.921714
3,drift_12m,mae,"{""h"":4}",1.151006
3,drift_12m,mae,"{""h"":5}",1.329659
3,drift_12m,mae,"{""h"":6}",1.438018
3,drift_12m,mae,"{""h"":7}",1.496206
3,drift_12m,mae,"{""h"":8}",1.510724
3,drift_12m,mae,"{""h"":9}",1.510886
3,drift_12m,mae,"{""issue"":""apr"",""target"":""apr_jun_monthly_mean_max""}",0.635385
3,drift_12m,mae,"{""issue"":""apr"",""target"":""september_monthly_mean""}",1.576649
3,drift_12m,mae,"{""issue"":""aug"",""target"":""september_monthly_mean""}",0.998146
3,drift_12m,mae,"{""issue"":""feb"",""target"":""apr_jun_monthly_mean_max""}",1.424029
3,drift_12m,mae,"{""issue"":""feb"",""target"":""september_monthly_mean""}",1.611538
3,drift_12m,mae,"{""issue"":""jan"",""target"":""apr_jun_monthly_mean_max""}",1.69098
3,drift_12m,mae,"{""issue"":""jan"",""target"":""september_monthly_mean""}",1.701122
3,drift_12m,mae,"{""issue"":""jul"",""target"":""september_monthly_mean""}",1.543179
3,drift_12m,mae,"{""issue"":""jun"",""target"":""september_monthly_mean""}",1.719226
3,drift_12m,mae,"{""issue"":""mar"",""target"":""apr_jun_monthly_mean_max""}",1.0905
3,drift_12m,mae,"{""issue"":""mar"",""target"":""september_monthly_mean""}",1.580136
3,drift_12m,mae,"{""issue"":""may"",""target"":""apr_jun_monthly_mean_max""}",0.273929
3,drift_12m,mae,"{""issue"":""may"",""target"":""september_monthly_mean""}",1.598173
3,drift_12m,mae_ratio,"{""h"":10}",1.279768
3,drift_12m,mae_ratio,"{""h"":11}",1.356419
3,drift_12m,mae_ratio,"{""h"":12}",1.408837
3,drift_12m,mae_ratio,"{""h"":13}",1.465492
3,drift_12m,mae_ratio,"{""h"":14}",1.480537
3,drift_12m,mae_ratio,"{""h"":15}",1.489139
3,drift_12m,mae_ratio,"{""h"":16}",1.501841
3,drift_12m,mae_ratio,"{""h"":17}",1.515965
3,drift_12m,mae_ratio,"{""h"":18}",1.537964
3,drift_12m,mae_ratio,"{""h"":19}",1.568773
3,drift_12m,mae_ratio,"{""h"":1}",1.009815
3,drift_12m,mae_ratio,"{""h"":20}",1.62816
3,drift_12m,mae_ratio,"{""h"":21}",1.707941
3,drift_12m,mae_ratio,"{""h"":22}",1.810987
3,drift_12m,mae_ratio,"{""h"":23}",1.911166
3,drift_12m,mae_ratio,"{""h"":24}",2.011279
3,drift_12m,mae_ratio,"{""h"":2}",1.005843
3,drift_12m,mae_ratio,"{""h"":3}",1.024737
3,drift_12m,mae_ratio,"{""h"":4}",1.037137
3,drift_12m,mae_ratio,"{""h"":5}",1.059831
3,drift_12m,mae_ratio,"{""h"":6}",1.080656
3,drift_12m,mae_ratio,"{""h"":7}",1.112977
3,drift_12m,mae_ratio,"{""h"":8}",1.151931
3,drift_12m,mae_ratio,"{""h"":9}",1.202651
3,drift_12m,n,"{""issue"":""apr"",""target"":""apr_jun_monthly_mean_max""}",13.0
3,drift_12m,n,"{""issue"":""apr"",""target"":""september_monthly_mean""}",13.0
3,drift_12m,n,"{""issue"":""aug"",""target"":""september_monthly_mean""}",13.0
3,drift_12m,n,"{""issue"":""feb"",""target"":""apr_jun_monthly_mean_max""}",13.0
3,drift_12m,n,"{""issue"":""feb"",""target"":""september_monthly_mean""}",13.0
3,drift_12m,n,"{""issue"":""jan"",""target"":""apr_jun_monthly_mean_max""}",13.0
3,drift_12m,n,"{""issue"":""jan"",""target"":""september_monthly_mean""}",13.0
3,drift_12m,n,"{""issue"":""jul"",""target"":""september_monthly_mean""}",13.0
3,drift_12m,n,"{""issue"":""jun"",""target"":""september_monthly_mean""}",13.0
3,drift_12m,n,"{""issue"":""mar"",""target"":""apr_jun_monthly_mean_max""}",13.0
3,drift_12m,n,"{""issue"":""mar"",""target"":""september_monthly_mean""}",13.0
3,drift_12m,n,"{""issue"":""may"",""target"":""apr_jun_monthly_mean_max""}",13.0
3,drift_12m,n,"{""issue"":""may"",""target"":""september_monthly_mean""}",13.0
3,drift_12m,rmse,"{""h"":10}",2.090227
3,drift_12m,rmse,"{""h"":11}",2.196069
3,drift_12m,rmse,"{""h"":12}",2.357355
3,drift_12m,rmse,"{""h"":13}",2.573365
3,drift_12m,rmse,"{""h"":14}",2.823019
3,drift_12m,rmse,"{""h"":15}",3.078489
3,drift_12m,rmse,"{""h"":16}",3.319907
3,drift_12m,rmse,"{""h"":17}",3.535828
3,drift_12m,rmse,"{""h"":18}",3.722455
3,drift_12m,rmse,"{""h"":19}",3.878856
3,drift_12m,rmse,"{""h"":1}",0.418805
3,drift_12m,rmse,"{""h"":20}",4.013286
3,drift_12m,rmse,"{""h"":21}",4.1369
3,drift_12m,rmse,"{""h"":22}",4.262136
3,drift_12m,rmse,"{""h"":23}",4.40174
3,drift_12m,rmse,"{""h"":24}",4.564489
3,drift_12m,rmse,"{""h"":2}",0.802212
3,drift_12m,rmse,"{""h"":3}",1.138523
3,drift_12m,rmse,"{""h"":4}",1.415806
3,drift_12m,rmse,"{""h"":5}",1.632646
3,drift_12m,rmse,"{""h"":6}",1.790037
3,drift_12m,rmse,"{""h"":7}",1.89802
3,drift_12m,rmse,"{""h"":8}",1.969027
3,drift_12m,rmse,"{""h"":9}",2.024277
4,drift_24m,cov90,"{""h"":10}",0.872611
4,drift_24m,cov90,"{""h"":11}",0.859873
4,drift_24m,cov90,"{""h"":12}",0.821656
4,drift_24m,cov90,"{""h"":13}",0.821656
4,drift_24m,cov90,"{""h"":14}",0.815287
4,drift_24m,cov90,"{""h"":15}",0.821656
4,drift_24m,cov90,"{""h"":16}",0.821656
4,drift_24m,cov90,"{""h"":17}",0.821656
4,drift_24m,cov90,"{""h"":18}",0.828025
4,drift_24m,cov90,"{""h"":19}",0.821656
4,drift_24m,cov90,"{""h"":1}",0.878981
4,drift_24m,cov90,"{""h"":20}",0.840764
4,drift_24m,cov90,"{""h"":21}",0.828025
4,drift_24m,cov90,"{""h"":22}",0.847134
4,drift_24m,cov90,"{""h"":23}",0.847134
4,drift_24m,cov90,"{""h"":24}",0.853503
4,drift_24m,cov90,"{""h"":2}",0.88535
4,drift_24m,cov90,"{""h"":3}",0.89172
4,drift_24m,cov90,"{""h"":4}",0.89172
4,drift_24m,cov90,"{""h"":5}",0.872611
4,drift_24m,cov90,"{""h"":6}",0.88535
4,drift_24m,cov90,"{""h"":7}",0.88535
4,drift_24m,cov90,"{""h"":8}",0.88535
4,drift_24m,cov90,"{""h"":9}",0.88535
4,drift_24m,mean_pinball_loss,"{""h"":10}",0.503978
4,drift_24m,mean_pinball_loss,"{""h"":11}",0.529631
4,drift_24m,mean_pinball_loss,"{""h"":12}",0.592274
4,drift_24m,mean_pinball_loss,"{""h"":13}",0.649087
4,drift_24m,mean_pinball_loss,"{""h"":14}",0.701852
4,drift_24m,mean_pinball_loss,"{""h"":15}",0.767074
4,drift_24m,mean_pinball_loss,"{""h"":16}",0.810909
4,drift_24m,mean_pinball_loss,"{""h"":17}",0.859448
4,drift_24m,mean_pinball_loss,"{""h"":18}",0.896703
4,drift_24m,mean_pinball_loss,"{""h"":19}",0.93133
4,drift_24m,mean_pinball_loss,"{""h"":1}",0.105824
4,drift_24m,mean_pinball_loss,"{""h"":20}",0.954475
4,drift_24m,mean_pinball_loss,"{""h"":21}",0.990155
4,drift_24m,mean_pinball_loss,"{""h"":22}",0.997292
4,drift_24m,mean_pinball_loss,"{""h"":23}",1.034251
4,drift_24m,mean_pinball_loss,"{""h"":24}",1.064025
4,drift_24m,mean_pinball_loss,"{""h"":2}",0.203015
4,drift_24m,mean_pinball_loss,"{""h"":3}",0.287342
4,drift_24m,mean_pinball_loss,"{""h"":4}",0.360393
4,drift_24m,mean_pinball_loss,"{""h"":5}",0.412466
4,drift_24m,mean_pinball_loss,"{""h"":6}",0.447853
4,drift_24m,mean_pinball_loss,"{""h"":7}",0.468172
4,drift_24m,mean_pinball_loss,"{""h"":8}",0.479368
4,drift_24m,mean_pinball_loss,"{""h"":9}",0.487748
4,drift_24m,mae,"{""h"":10}",1.495442
4,drift_24m,mae,"{""h"":11}",1.564341
4,drift_24m,mae,"{""h"":12}",1.696523
4,drift_24m,mae,"{""h"":13}",1.871566
4,drift_24m,mae,"{""h"":14}",2.065875
4,drift_24m,mae,"{""h"":15}",2.245972
4,drift_24m,mae,"{""h"":16}",2.410998
4,drift_24m,mae,"{""h"":17}",2.548301
4,drift_24m,mae,"{""h"":18}",2.667467
4,drift_24m,mae,"{""h"":19}",2.772052
4,drift_24m,mae,"{""h"":1}",0.338431
4,drift_24m,mae,"{""h"":20}",2.854558
4,drift_24m,mae,"{""h"":21}",2.934119
4,drift_24m,mae,"{""h"":22}",3.006181
4,drift_24m,mae,"{""h"":23}",3.090617
4,drift_24m,mae,"{""h"":24}",3.183235
4,drift_24m,mae,"{""h"":2}",0.645605
4,drift_24m,mae,"{""h"":3}",0.920847
4,drift_24m,mae,"{""h"":4}",1.148051
4,drift_24m,mae,"{""h"":5}",1.316646
4,drift_24m,mae,"{""h"":6}",1.419812
4,drift_24m,mae,"{""h"":7}",1.468192
4,drift_24m,mae,"{""h"":8}",1.479578
4,drift_24m,mae,"{""h"":9}",1.468313
4,drift_24m,mae,"{""issue"":""apr"",""target"":""apr_jun_monthly_mean_max""}",0.64411
4,drift_24m,mae,"{""issue"":""apr"",""target"":""september_monthly_mean""}",1.540375
4,drift_24m,mae,"{""issue"":""aug"",""target"":""september_monthly_mean""}",1.014674
4,drift_24m,mae,"{""issue"":""feb"",""target"":""apr_jun_monthly_mean_max""}",1.416062
4,drift_24m,mae,"{""issue"":""feb"",""target"":""september_monthly_mean""}",1.375655
4,drift_24m,mae,"{""issue"":""jan"",""target"":""apr_jun_monthly_mean_max""}",1.658992
4,drift_24m,mae,"{""issue"":""jan"",""target"":""september_monthly_mean""}",1.477467
4,drift_24m,mae,"{""issue"":""jul"",""target"":""september_monthly_mean""}",1.559395
4,drift_24m,mae,"{""issue"":""jun"",""target"":""september_monthly_mean""}",1.718635
4,drift_24m,mae,"{""issue"":""mar"",""target"":""apr_jun_monthly_mean_max""}",1.070387
4,drift_24m,mae,"{""issue"":""mar"",""target"":""september_monthly_mean""}",1.439177
4,drift_24m,mae,"{""issue"":""may"",""target"":""apr_jun_monthly_mean_max""}",0.290211
4,drift_24m,mae,"{""issue"":""may"",""target"":""september_monthly_mean""}",1.644413
4,drift_24m,mae_ratio,"{""h"":10}",1.220023
4,drift_24m,mae_ratio,"{""h"":11}",1.267504
4,drift_24m,mae_ratio,"{""h"":12}",1.320264
4,drift_24m,mae_ratio,"{""h"":13}",1.36953
4,drift_24m,mae_ratio,"{""h"":14}",1.380225
4,drift_24m,mae_ratio,"{""h"":15}",1.375052
4,drift_24m,mae_ratio,"{""h"":16}",1.371165
4,drift_24m,mae_ratio,"{""h"":17}",1.37309
4,drift_24m,mae_ratio,"{""h"":18}",1.396025
4,drift_24m,mae_ratio,"{""h"":19}",1.434479
4,drift_24m,mae_ratio,"{""h"":1}",1.00887
4,drift_24m,mae_ratio,"{""h"":20}",1.492219
4,drift_24m,mae_ratio,"{""h"":21}",1.5657
4,drift_24m,mae_ratio,"{""h"":22}",1.646815
4,drift_24m,mae_ratio,"{""h"":23}",1.713993
4,drift_24m,mae_ratio,"{""h"":24}",1.774944
4,drift_24m,mae_ratio,"{""h"":2}",1.013701
4,drift_24m,mae_ratio,"{""h"":3}",1.023774
4,drift_24m,mae_ratio,"{""h"":4}",1.034474
4,drift_24m,mae_ratio,"{""h"":5}",1.049459
4,drift_24m,mae_ratio,"{""h"":6}",1.066975
4,drift_24m,mae_ratio,"{""h"":7}",1.092139
4,drift_24m,mae_ratio,"{""h"":8}",1.128182
4,drift_24m,mae_ratio,"{""h"":9}",1.168764
4,drift_24m,n,"{""issue"":""apr"",""target"":""apr_jun_monthly_mean_max""}",13.0
4,drift_24m,n,"{""issue"":""apr"",""target"":""september_monthly_mean""}",13.0
4,drift_24m,n,"{""issue"":""aug"",""target"":""september_monthly_mean""}",13.0
4,drift_24m,n,"{""issue"":""feb"",""target"":""apr_jun_monthly_mean_max""}",13.0
4,drift_24m,n,"{""issue"":""feb"",""target"":""september_monthly_mean""}",13.0
4,drift_24m,n,"{""issue"":""jan"",""target"":""apr_jun_monthly_mean_max""}",13.0
4,drift_24m,n,"{""issue"":""jan"",""target"":""september_monthly_mean""}",13.0
4,drift_24m,n,"{""issue"":""jul"",""target"":""september_monthly_mean""}",13.0
4,drift_24m,n,"{""issue"":""jun"",""target"":""september_monthly_mean""}",13.0
4,drift_24m,n,"{""issue"":""mar"",""target"":""apr_jun_monthly_mean_max""}",13.0
4,drift_24m,n,"{""issue"":""mar"",""target"":""september_monthly_mean""}",13.0
4,drift_24m,n,"{""issue"":""may"",""target"":""apr_jun_monthly_mean_max""}",13.0
4,drift_24m,n,"{""issue"":""may"",""target"":""september_monthly_mean""}",13.0
4,drift_24m,rmse,"{""h"":10}",1.925741
4,drift_24m,rmse,"{""h"":11}",1.994952
4,drift_24m,rmse,"{""h"":12}",2.128451
4,drift_24m,rmse,"{""h"":13}",2.322315
4,drift_24m,rmse,"{""h"":14}",2.550354
4,drift_24m,rmse,"{""h"":15}",2.780953
4,drift_24m,rmse,"{""h"":16}",2.991715
4,drift_24m,rmse,"{""h"":17}",3.168306
4,drift_24m,rmse,"{""h"":18}",3.308458
4,drift_24m,rmse,"{""h"":19}",3.411943
4,drift_24m,rmse,"{""h"":1}",0.424948
4,drift_24m,rmse,"{""h"":20}",3.488739
4,drift_24m,rmse,"{""h"":21}",3.553037
4,drift_24m,rmse,"{""h"":22}",3.622941
4,drift_24m,rmse,"{""h"":23}",3.713214
4,drift_24m,rmse,"{""h"":24}",3.831999
4,drift_24m,rmse,"{""h"":2}",0.812203
4,drift_24m,rmse,"{""h"":3}",1.148487
4,drift_24m,rmse,"{""h"":4}",1.420355
4,drift_24m,rmse,"{""h"":5}",1.625879
4,drift_24m,rmse,"{""h"":6}",1.766474
4,drift_24m,rmse,"{""h"":7}",1.84888
4,drift_24m,rmse,"{""h"":8}",1.886199
4,drift_24m,rmse,"{""h"":9}",1.901338
5,drift_60m,cov90,"{""h"":10}",0.859873
5,drift_60m,cov90,"{""h"":11}",0.859873
5,drift_60m,cov90,"{""h"":12}",0.828025
5,drift_60m,cov90,"{""h"":13}",0.847134
5,drift_60m,cov90,"{""h"":14}",0.853503
5,drift_60m,cov90,"{""h"":15}",0.853503
5,drift_60m,cov90,"{""h"":16}",0.866242
5,drift_60m,cov90,"{""h"":17}",0.866242
5,drift_60m,cov90,"{""h"":18}",0.89172
5,drift_60m,cov90,"{""h"":19}",0.872611
5,drift_60m,cov90,"{""h"":1}",0.89172
5,drift_60m,cov90,"{""h"":20}",0.872611
5,drift_60m,cov90,"{""h"":21}",0.88535
5,drift_60m,cov90,"{""h"":22}",0.878981
5,drift_60m,cov90,"{""h"":23}",0.859873
5,drift_60m,cov90,"{""h"":24}",0.853503
5,drift_60m,cov90,"{""h"":2}",0.878981
5,drift_60m,cov90,"{""h"":3}",0.89172
5,drift_60m,cov90,"{""h"":4}",0.878981
5,drift_60m,cov90,"{""h"":5}",0.872611
5,drift_60m,cov90,"{""h"":6}",0.89172
5,drift_60m,cov90,"{""h"":7}",0.872611
5,drift_60m,cov90,"{""h"":8}",0.878981
5,drift_60m,cov90,"{""h"":9}",0.872611
5,drift_60m,mean_pinball_loss,"{""h"":10}",0.425757
5,drift_60m,mean_pinball_loss,"{""h"":11}",0.43849
5,drift_60m,mean_pinball_loss,"{""h"":12}",0.462475
5,drift_60m,mean_pinball_loss,"{""h"":13}",0.489724
5,drift_60m,mean_pinball_loss,"{""h"":14}",0.538564
5,drift_60m,mean_pinball_loss,"{""h"":15}",0.58504
5,drift_60m,mean_pinball_loss,"{""h"":16}",0.626027
5,drift_60m,mean_pinball_loss,"{""h"":17}",0.660603
5,drift_60m,mean_pinball_loss,"{""h"":18}",0.690222
5,drift_60m,mean_pinball_loss,"{""h"":19}",0.69366
5,drift_60m,mean_pinball_loss,"{""h"":1}",0.103292
5,drift_60m,mean_pinball_loss,"{""h"":20}",0.707434
5,drift_60m,mean_pinball_loss,"{""h"":21}",0.70564
5,drift_60m,mean_pinball_loss,"{""h"":22}",0.716792
5,drift_60m,mean_pinball_loss,"{""h"":23}",0.727015
5,drift_60m,mean_pinball_loss,"{""h"":24}",0.774072
5,drift_60m,mean_pinball_loss,"{""h"":2}",0.197386
5,drift_60m,mean_pinball_loss,"{""h"":3}",0.278456
5,drift_60m,mean_pinball_loss,"{""h"":4}",0.343293
5,drift_60m,mean_pinball_loss,"{""h"":5}",0.386568
5,drift_60m,mean_pinball_loss,"{""h"":6}",0.416758
5,drift_60m,mean_pinball_loss,"{""h"":7}",0.431713
5,drift_60m,mean_pinball_loss,"{""h"":8}",0.436099
5,drift_60m,mean_pinball_loss,"{""h"":9}",0.428242
5,drift_60m,mae,"{""h"":10}",1.323789
5,drift_60m,mae,"{""h"":11}",1.352517
5,drift_60m,mae,"{""h"":12}",1.412465
5,drift_60m,mae,"{""h"":13}",1.524341
5,drift_60m,mae,"{""h"":14}",1.664717
5,drift_60m,mae,"{""h"":15}",1.814837
5,drift_60m,mae,"{""h"":16}",1.958862
5,drift_60m,mae,"{""h"":17}",2.069705
5,drift_60m,mae,"{""h"":18}",2.14745
5,drift_60m,mae,"{""h"":19}",2.194648
5,drift_60m,mae,"{""h"":1}",0.334733
5,drift_60m,mae,"{""h"":20}",2.204545
5,drift_60m,mae,"{""h"":21}",2.201648
5,drift_60m,mae,"{""h"":22}",2.201011
5,drift_60m,mae,"{""h"":23}",2.228086
5,drift_60m,mae,"{""h"":24}",2.28165
5,drift_60m,mae,"{""h"":2}",0.640539
5,drift_60m,mae,"{""h"":3}",0.901287
5,drift_60m,mae,"{""h"":4}",1.118765
5,drift_60m,mae,"{""h"":5}",1.271593
5,drift_60m,mae,"{""h"":6}",1.353739
5,drift_60m,mae,"{""h"":7}",1.377849
5,drift_60m,mae,"{""h"":8}",1.360823
5,drift_60m,mae,"{""h"":9}",1.335197
5,drift_60m,mae,"{""issue"":""apr"",""target"":""apr_jun_monthly_mean_max""}",0.631682
5,drift_60m,mae,"{""issue"":""apr"",""target"":""september_monthly_mean""}",1.512599
5,drift_60m,mae,"{""issue"":""aug"",""target"":""september_monthly_mean""}",1.005727
5,drift_60m,mae,"{""issue"":""feb"",""target"":""apr_jun_monthly_mean_max""}",1.448425
5,drift_60m,mae,"{""issue"":""feb"",""target"":""september_monthly_mean""}",1.370584
5,drift_60m,mae,"{""issue"":""jan"",""target"":""apr_jun_monthly_mean_max""}",1.699995
5,drift_60m,mae,"{""issue"":""jan"",""target"":""september_monthly_mean""}",1.354245
5,drift_60m,mae,"{""issue"":""jul"",""target"":""september_monthly_mean""}",1.543539
5,drift_60m,mae,"{""issue"":""jun"",""target"":""september_monthly_mean""}",1.697097
5,drift_60m,mae,"{""issue"":""mar"",""target"":""apr_jun_monthly_mean_max""}",1.058438
5,drift_60m,mae,"{""issue"":""mar"",""target"":""september_monthly_mean""}",1.492869
5,drift_60m,mae,"{""issue"":""may"",""target"":""apr_jun_monthly_mean_max""}",0.295086
5,drift_60m,mae,"{""issue"":""may"",""target"":""september_monthly_mean""}",1.639623
5,drift_60m,mae_ratio,"{""h"":10}",1.079983
5,drift_60m,mae_ratio,"{""h"":11}",1.095874
5,drift_60m,mae_ratio,"{""h"":12}",1.099205
5,drift_60m,mae_ratio,"{""h"":13}",1.115446
5,drift_60m,mae_ratio,"{""h"":14}",1.112209
5,drift_60m,mae_ratio,"{""h"":15}",1.111098
5,drift_60m,mae_ratio,"{""h"":16}",1.11403
5,drift_60m,mae_ratio,"{""h"":17}",1.11521
5,drift_60m,mae_ratio,"{""h"":18}",1.123873
5,drift_60m,mae_ratio,"{""h"":19}",1.135684
5,drift_60m,mae_ratio,"{""h"":1}",0.997845
5,drift_60m,mae_ratio,"{""h"":20}",1.152425
5,drift_60m,mae_ratio,"{""h"":21}",1.174839
5,drift_60m,mae_ratio,"{""h"":22}",1.205735
5,drift_60m,mae_ratio,"{""h"":23}",1.235651
5,drift_60m,mae_ratio,"{""h"":24}",1.272228
5,drift_60m,mae_ratio,"{""h"":2}",1.005746
5,drift_60m,mae_ratio,"{""h"":3}",1.002027
5,drift_60m,mae_ratio,"{""h"":4}",1.008086
5,drift_60m,mae_ratio,"{""h"":5}",1.013549
5,drift_60m,mae_ratio,"{""h"":6}",1.017321
5,drift_60m,mae_ratio,"{""h"":7}",1.024935
5,drift_60m,mae_ratio,"{""h"":8}",1.037631
5,drift_60m,mae_ratio,"{""h"":9}",1.062804
5,drift_60m,n,"{""issue"":""apr"",""target"":""apr_jun_monthly_mean_max""}",13.0
5,drift_60m,n,"{""issue"":""apr"",""target"":""september_monthly_mean""}",13.0
5,drift_60m,n,"{""issue"":""aug"",""target"":""september_monthly_mean""}",13.0
5,drift_60m,n,"{""issue"":""feb"",""target"":""apr_jun_monthly_mean_max""}",13.0
5,drift_60m,n,"{""issue"":""feb"",""target"":""september_monthly_mean""}",13.0
5,drift_60m,n,"{""issue"":""jan"",""target"":""apr_jun_monthly_mean_max""}",13.0
5,drift_60m,n,"{""issue"":""jan"",""target"":""september_monthly_mean""}",13.0
5,drift_60m,n,"{""issue"":""jul"",""target"":""september_monthly_mean""}",13.0
5,drift_60m,n,"{""issue"":""jun"",""target"":""september_monthly_mean""}",13.0
5,drift_60m,n,"{""issue"":""mar"",""target"":""apr_jun_monthly_mean_max""}",13.0
5,drift_60m,n,"{""issue"":""mar"",""target"":""september_monthly_mean""}",13.0
5,drift_60m,n,"{""issue"":""may"",""target"":""apr_jun_monthly_mean_max""}",13.0
5,drift_60m,n,"{""issue"":""may"",""target"":""september_monthly_mean""}",13.0
5,drift_60m,rmse,"{""h"":10}",1.663753
5,drift_60m,rmse,"{""h"":11}",1.67369
5,drift_60m,rmse,"{""h"":12}",1.747527
5,drift_60m,rmse,"{""h"":13}",1.886203
5,drift_60m,rmse,"{""h"":14}",2.064131
5,drift_60m,rmse,"{""h"":15}",2.247235
5,drift_60m,rmse,"{""h"":16}",2.409656
5,drift_60m,rmse,"{""h"":17}",2.535652
5,drift_60m,rmse,"{""h"":18}",2.619296
5,drift_60m,rmse,"{""h"":19}",2.659752
5,drift_60m,rmse,"{""h"":1}",0.418066
5,drift_60m,rmse,"{""h"":20}",2.66477
5,drift_60m,rmse,"{""h"":21}",2.648546
5,drift_60m,rmse,"{""h"":22}",2.631396
5,drift_60m,rmse,"{""h"":23}",2.63368
5,drift_60m,rmse,"{""h"":24}",2.670517
5,drift_60m,rmse,"{""h"":2}",0.793966
5,drift_60m,rmse,"{""h"":3}",1.115217
5,drift_60m,rmse,"{""h"":4}",1.369208
5,drift_60m,rmse,"{""h"":5}",1.553496
5,drift_60m,rmse,"{""h"":6}",1.668471
5,drift_60m,rmse,"{""h"":7}",1.720595
5,drift_60m,rmse,"{""h"":8}",1.721746
5,drift_60m,rmse,"{""h"":9}",1.69244
6,ets_add_noseas,cov90,"{""h"":10}",0.88535
6,ets_add_noseas,cov90,"{""h"":11}",0.89172
6,ets_add_noseas,cov90,"{""h"":12}",0.88535
6,ets_add_noseas,cov90,"{""h"":13}",0.88535
6,ets_add_noseas,cov90,"{""h"":14}",0.878981
6,ets_add_noseas,cov90,"{""h"":15}",0.872611
6,ets_add_noseas,cov90,"{""h"":16}",0.878981
6,ets_add_noseas,cov90,"{""h"":17}",0.88535
6,ets_add_noseas,cov90,"{""h"":18}",0.878981
6,ets_add_noseas,cov90,"{""h"":19}",0.872611
6,ets_add_noseas,cov90,"{""h"":1}",0.878981
6,ets_add_noseas,cov90,"{""h"":20}",0.88535
6,ets_add_noseas,cov90,"{""h"":21}",0.878981
6,ets_add_noseas,cov90,"{""h"":22}",0.878981
6,ets_add_noseas,cov90,"{""h"":23}",0.872611
6,ets_add_noseas,cov90,"{""h"":24}",0.872611
6,ets_add_noseas,cov90,"{""h"":2}",0.878981
6,ets_add_noseas,cov90,"{""h"":3}",0.88535
6,ets_add_noseas,cov90,"{""h"":4}",0.89172
6,ets_add_noseas,cov90,"{""h"":5}",0.89172
6,ets_add_noseas,cov90,"{""h"":6}",0.89172
6,ets_add_noseas,cov90,"{""h"":7}",0.88535
6,ets_add_noseas,cov90,"{""h"":8}",0.88535
6,ets_add_noseas,cov90,"{""h"":9}",0.88535
6,ets_add_noseas,mean_pinball_loss,"{""h"":10}",1.177427
6,ets_add_noseas,mean_pinball_loss,"{""h"":11}",1.210906
6,ets_add_noseas,mean_pinball_loss,"{""h"":12}",1.238518
6,ets_add_noseas,mean_pinball_loss,"{""h"":13}",1.2926
6,ets_add_noseas,mean_pinball_loss,"{""h"":14}",1.370749
6,ets_add_noseas,mean_pinball_loss,"{""h"":15}",1.492184
6,ets_add_noseas,mean_pinball_loss,"{""h"":16}",1.644677
6,ets_add_noseas,mean_pinball_loss,"{""h"":17}",1.811765
6,ets_add_noseas,mean_pinball_loss,"{""h"":18}",1.977159
6,ets_add_noseas,mean_pinball_loss,"{""h"":19}",2.128159
6,ets_add_noseas,mean_pinball_loss,"{""h"":1}",0.065244
6,ets_add_noseas,mean_pinball_loss,"{""h"":20}",2.259272
6,ets_add_noseas,mean_pinball_loss,"{""h"":21}",2.357505
6,ets_add_noseas,mean_pinball_loss,"{""h"":22}",2.42543
6,ets_add_noseas,mean_pinball_loss,"{""h"":23}",2.472298
6,ets_add_noseas,mean_pinball_loss,"{""h"":24}",2.513034
6,ets_add_noseas,mean_pinball_loss,"{""h"":2}",0.168791
6,ets_add_noseas,mean_pinball_loss,"{""h"":3}",0.299978
6,ets_add_noseas,mean_pinball_loss,"{""h"":4}",0.450693
6,ets_add_noseas,mean_pinball_loss,"{""h"":5}",0.610492
6,ets_add_noseas,mean_pinball_loss,"{""h"":6}",0.760733
6,ets_add_noseas,mean_pinball_loss,"{""h"":7}",0.899357
6,ets_add_noseas,mean_pinball_loss,"{""h"":8}",1.022697
6,ets_add_noseas,mean_pinball_loss,"{""h"":9}",1.114691
6,ets_add_noseas,mae,"{""h"":10}",3.923286
6,ets_add_noseas,mae,"{""h"":11}",4.02322
6,ets_add_noseas,mae,"{""h"":12}",4.107773
6,ets_add_noseas,mae,"{""h"":13}",4.215961
6,ets_add_noseas,mae,"{""h"":14}",4.428017
6,ets_add_noseas,mae,"{""h"":15}",4.800582
6,ets_add_noseas,mae,"{""h"":16}",5.293763
6,ets_add_noseas,mae,"{""h"":17}",5.858327
6,ets_add_noseas,mae,"{""h"":18}",6.437077
6,ets_add_noseas,mae,"{""h"":19}",6.973166
6,ets_add_noseas,mae,"{""h"":1}",0.208875
6,ets_add_noseas,mae,"{""h"":20}",7.438665
6,ets_add_noseas,mae,"{""h"":21}",7.775376
6,ets_add_noseas,mae,"{""h"":22}",7.982121
6,ets_add_noseas,mae,"{""h"":23}",8.107407
6,ets_add_noseas,mae,"{""h"":24}",8.20184
6,ets_add_noseas,mae,"{""h"":2}",0.550445
6,ets_add_noseas,mae,"{""h"":3}",0.995101
6,ets_add_noseas,mae,"{""h"":4}",1.503958
6,ets_add_noseas,mae,"{""h"":5}",2.065495
6,ets_add_noseas,mae,"{""h"":6}",2.589244
6,ets_add_noseas,mae,"{""h"":7}",3.080662
6,ets_add_noseas,mae,"{""h"":8}",3.469174
6,ets_add_noseas,mae,"{""h"":9}",3.749776
6,ets_add_noseas,mae,"{""issue"":""apr"",""target"":""apr_jun_monthly_mean_max""}",0.816675
6,ets_add_noseas,mae,"{""issue"":""apr"",""target"":""september_monthly_mean""}",3.808966
6,ets_add_noseas,mae,"{""issue"":""aug"",""target"":""september_monthly_mean""}",0.232904
6,ets_add_noseas,mae,"{""issue"":""feb"",""target"":""apr_jun_monthly_mean_max""}",0.730825
6,ets_add_noseas,mae,"{""issue"":""feb"",""target"":""september_monthly_mean""}",2.582239
6,ets_add_noseas,mae,"{""issue"":""jan"",""target"":""apr_jun_monthly_mean_max""}",1.059244
6,ets_add_noseas,mae,"{""issue"":""jan"",""target"":""september_monthly_mean""}",2.089291
6,ets_add_noseas,mae,"{""issue"":""jul"",""target"":""september_monthly_mean""}",1.127901
6,ets_add_noseas,mae,"{""issue"":""jun"",""target"":""september_monthly_mean""}",2.263462
6,ets_add_noseas,mae,"{""issue"":""mar"",""target"":""apr_jun_monthly_mean_max""}",0.778301
6,ets_add_noseas,mae,"{""issue"":""mar"",""target"":""september_monthly_mean""}",3.48206
6,ets_add_noseas,mae,"{""issue"":""may"",""target"":""apr_jun_monthly_mean_max""}",0.42398
6,ets_add_noseas,mae,"{""issue"":""may"",""target"":""september_monthly_mean""}",3.282206
6,ets_add_noseas,mae_ratio,"{""h"":10}",3.200725
6,ets_add_noseas,mae_ratio,"{""h"":11}",3.259807
6,ets_add_noseas,mae_ratio,"{""h"":12}",3.196743
6,ets_add_noseas,mae_ratio,"{""h"":13}",3.085055
6,ets_add_noseas,mae_ratio,"{""h"":14}",2.958389
6,ets_add_noseas,mae_ratio,"{""h"":15}",2.939061
6,ets_add_noseas,mae_ratio,"{""h"":16}",3.010631
6,ets_add_noseas,mae_ratio,"{""h"":17}",3.156616
6,ets_add_noseas,mae_ratio,"{""h"":18}",3.368859
6,ets_add_noseas,mae_ratio,"{""h"":19}",3.608469
6,ets_add_noseas,mae_ratio,"{""h"":1}",0.62266
6,ets_add_noseas,mae_ratio,"{""h"":20}",3.888559
6,ets_add_noseas,mae_ratio,"{""h"":21}",4.149082
6,ets_add_noseas,mae_ratio,"{""h"":22}",4.372683
6,ets_add_noseas,mae_ratio,"{""h"":23}",4.496202
6,ets_add_noseas,mae_ratio,"{""h"":24}",4.573274
6,ets_add_noseas,mae_ratio,"{""h"":2}",0.864284
6,ets_add_noseas,mae_ratio,"{""h"":3}",1.106327
6,ets_add_noseas,mae_ratio,"{""h"":4}",1.355171
6,ets_add_noseas,mae_ratio,"{""h"":5}",1.646344
6,ets_add_noseas,mae_ratio,"{""h"":6}",1.94579
6,ets_add_noseas,mae_ratio,"{""h"":7}",2.291601
6,ets_add_noseas,mae_ratio,"{""h"":8}",2.645254
6,ets_add_noseas,mae_ratio,"{""h"":9}",2.984787
6,ets_add_noseas,n,"{""issue"":""apr"",""target"":""apr_jun_monthly_mean_max""}",13.0
6,ets_add_noseas,n,"{""issue"":""apr"",""target"":""september_monthly_mean""}",13.0
6,ets_add_noseas,n,"{""issue"":""aug"",""target"":""september_monthly_mean""}",13.0
6,ets_add_noseas,n,"{""issue"":""feb"",""target"":""apr_jun_monthly_mean_max""}",13.0
6,ets_add_noseas,n,"{""issue"":""feb"",""target"":""september_monthly_mean""}",13.0
6,ets_add_noseas,n,"{""issue"":""jan"",""target"":""apr_jun_monthly_mean_max""}",13.0
6,ets_add_noseas,n,"{""issue"":""jan"",""target"":""september_monthly_mean""}",13.0
6,ets_add_noseas,n,"{""issue"":""jul"",""target"":""september_monthly_mean""}",13.0
6,ets_add_noseas,n,"{""issue"":""jun"",""target"":""september_monthly_mean""}",13.0
6,ets_add_noseas,n,"{""issue"":""mar"",""target"":""apr_jun_monthly_mean_max""}",13.0
6,ets_add_noseas,n,"{""issue"":""mar"",""target"":""september_monthly_mean""}",13.0
6,ets_add_noseas,n,"{""issue"":""may"",""target"":""apr_jun_monthly_mean_max""}",13.0
6,ets_add_noseas,n,"{""issue"":""may"",""target"":""september_monthly_mean""}",13.0
6,ets_add_noseas,rmse,"{""h"":10}",4.667019
6,ets_add_noseas,rmse,"{""h"":11}",4.820796
6,ets_add_noseas,rmse,"{""h"":12}",4.941205
6,ets_add_noseas,rmse,"{""h"":13}",5.122691
6,ets_add_noseas,rmse,"{""h"":14}",5.449254
6,ets_add_noseas,rmse,"{""h"":15}",5.937582
6,ets_add_noseas,rmse,"{""h"":16}",6.541923
6,ets_add_noseas,rmse,"{""h"":17}",7.201399
6,ets_add_noseas,rmse,"{""h"":18}",7.867677
6,ets_add_noseas,rmse,"{""h"":19}",8.485539
6,ets_add_noseas,rmse,"{""h"":1}",0.265821
6,ets_add_noseas,rmse,"{""h"":20}",9.009025
6,ets_add_noseas,rmse,"{""h"":21}",9.405439
6,ets_add_noseas,rmse,"{""h"":22}",9.680039
6,ets_add_noseas,rmse,"{""h"":23}",9.857698
6,ets_add_noseas,rmse,"{""h"":24}",10.008416
6,ets_add_noseas,rmse,"{""h"":2}",0.682099
6,ets_add_noseas,rmse,"{""h"":3}",1.214413
6,ets_add_noseas,rmse,"{""h"":4}",1.804533
6,ets_add_noseas,rmse,"{""h"":5}",2.421
6,ets_add_noseas,rmse,"{""h"":6}",3.023173
6,ets_add_noseas,rmse,"{""h"":7}",3.57956
6,ets_add_noseas,rmse,"{""h"":8}",4.055648
6,ets_add_noseas,rmse,"{""h"":9}",4.422276
7,ets_add_s12,cov90,"{""h"":10}",0.872611
7,ets_add_s12,cov90,"{""h"":11}",0.866242
7,ets_add_s12,cov90,"{""h"":12}",0.859873
7,ets_add_s12,cov90,"{""h"":13}",0.872611
7,ets_add_s12,cov90,"{""h"":14}",0.872611
7,ets_add_s12,cov90,"{""h"":15}",0.866242
7,ets_add_s12,cov90,"{""h"":16}",0.859873
7,ets_add_s12,cov90,"{""h"":17}",0.853503
7,ets_add_s12,cov90,"{""h"":18}",0.859873
7,ets_add_s12,cov90,"{""h"":19}",0.866242
7,ets_add_s12,cov90,"{""h"":1}",0.898089
7,ets_add_s12,cov90,"{""h"":20}",0.859873
7,ets_add_s12,cov90,"{""h"":21}",0.866242
7,ets_add_s12,cov90,"{""h"":22}",0.872611
7,ets_add_s12,cov90,"{""h"":23}",0.872611
7,ets_add_s12,cov90,"{""h"":24}",0.88535
7,ets_add_s12,cov90,"{""h"":2}",0.89172
7,ets_add_s12,cov90,"{""h"":3}",0.898089
7,ets_add_s12,cov90,"{""h"":4}",0.878981
7,ets_add_s12,cov90,"{""h"":5}",0.878981
7,ets_add_s12,cov90,"{""h"":6}",0.88535
7,ets_add_s12,cov90,"{""h"":7}",0.88535
7,ets_add_s12,cov90,"{""h"":8}",0.878981
7,ets_add_s12,cov90,"{""h"":9}",0.872611
7,ets_add_s12,mean_pinball_loss,"{""h"":10}",0.552104
7,ets_add_s12,mean_pinball_loss,"{""h"":11}",0.597409
7,ets_add_s12,mean_pinball_loss,"{""h"":12}",0.647728
7,ets_add_s12,mean_pinball_loss,"{""h"":13}",0.707947
7,ets_add_s12,mean_pinball_loss,"{""h"":14}",0.781542
7,ets_add_s12,mean_pinball_loss,"{""h"":15}",0.847428
7,ets_add_s12,mean_pinball_loss,"{""h"":16}",0.903319
7,ets_add_s12,mean_pinball_loss,"{""h"":17}",0.959851
7,ets_add_s12,mean_pinball_loss,"{""h"":18}",1.010569
7,ets_add_s12,mean_pinball_loss,"{""h"":19}",1.060872
7,ets_add_s12,mean_pinball_loss,"{""h"":1}",0.053065
7,ets_add_s12,mean_pinball_loss,"{""h"":20}",1.110466
7,ets_add_s12,mean_pinball_loss,"{""h"":21}",1.167193
7,ets_add_s12,mean_pinball_loss,"{""h"":22}",1.213594
7,ets_add_s12,mean_pinball_loss,"{""h"":23}",1.270267
7,ets_add_s12,mean_pinball_loss,"{""h"":24}",1.321796
7,ets_add_s12,mean_pinball_loss,"{""h"":2}",0.111474
7,ets_add_s12,mean_pinball_loss,"{""h"":3}",0.173778
7,ets_add_s12,mean_pinball_loss,"{""h"":4}",0.233269
7,ets_add_s12,mean_pinball_loss,"{""h"":5}",0.289826
7,ets_add_s12,mean_pinball_loss,"{""h"":6}",0.349445
7,ets_add_s12,mean_pinball_loss,"{""h"":7}",0.404386
7,ets_add_s12,mean_pinball_loss,"{""h"":8}",0.455461
7,ets_add_s12,mean_pinball_loss,"{""h"":9}",0.511037
7,ets_add_s12,mae,"{""h"":10}",1.676716
7,ets_add_s12,mae,"{""h"":11}",1.777571
7,ets_add_s12,mae,"{""h"":12}",1.89554
7,ets_add_s12,mae,"{""h"":13}",2.036358
7,ets_add_s12,mae,"{""h"":14}",2.226294
7,ets_add_s12,mae,"{""h"":15}",2.416008
7,ets_add_s12,mae,"{""h"":16}",2.590658
7,ets_add_s12,mae,"{""h"":17}",2.746294
7,ets_add_s12,mae,"{""h"":18}",2.911661
7,ets_add_s12,mae,"{""h"":19}",3.078185
7,ets_add_s12,mae,"{""h"":1}",0.164394
7,ets_add_s12,mae,"{""h"":20}",3.247288
7,ets_add_s12,mae,"{""h"":21}",3.406301
7,ets_add_s12,mae,"{""h"":22}",3.548364
7,ets_add_s12,mae,"{""h"":23}",3.671311
7,ets_add_s12,mae,"{""h"":24}",3.804133
7,ets_add_s12,mae,"{""h"":2}",0.342463
7,ets_add_s12,mae,"{""h"":3}",0.540684
7,ets_add_s12,mae,"{""h"":4}",0.727298
7,ets_add_s12,mae,"{""h"":5}",0.92459
7,ets_add_s12,mae,"{""h"":6}",1.109256
7,ets_add_s12,mae,"{""h"":7}",1.279704
7,ets_add_s12,mae,"{""h"":8}",1.432231
7,ets_add_s12,mae,"{""h"":9}",1.567727
7,ets_add_s12,mae,"{""issue"":""apr"",""target"":""apr_jun_monthly_mean_max""}",0.409002
7,ets_add_s12,mae,"{""issue"":""apr"",""target"":""september_monthly_mean""}",0.994542
7,ets_add_s12,mae,"{""issue"":""aug"",""target"":""september_monthly_mean""}",0.451357
7,ets_add_s12,mae,"{""issue"":""feb"",""target"":""apr_jun_monthly_mean_max""}",0.877681
7,ets_add_s12,mae,"{""issue"":""feb"",""target"":""september_monthly_mean""}",1.09409
7,ets_add_s12,mae,"{""issue"":""jan"",""target"":""apr_jun_monthly_mean_max""}",1.07283
7,ets_add_s12,mae,"{""issue"":""jan"",""target"":""september_monthly_mean""}",1.420108
7,ets_add_s12,mae,"{""issue"":""jul"",""target"":""september_monthly_mean""}",0.829234
7,ets_add_s12,mae,"{""issue"":""jun"",""target"":""september_monthly_mean""}",0.934551
7,ets_add_s12,mae,"{""issue"":""mar"",""target"":""apr_jun_monthly_mean_max""}",0.677456
7,ets_add_s12,mae,"{""issue"":""mar"",""target"":""september_monthly_mean""}",1.092835
7,ets_add_s12,mae,"{""issue"":""may"",""target"":""apr_jun_monthly_mean_max""}",0.202721
7,ets_add_s12,mae,"{""issue"":""may"",""target"":""september_monthly_mean""}",1.028684
7,ets_add_s12,mae_ratio,"{""h"":10}",1.367911
7,ets_add_s12,mae_ratio,"{""h"":11}",1.440273
7,ets_add_s12,mae_ratio,"{""h"":12}",1.475143
7,ets_add_s12,mae_ratio,"{""h"":13}",1.490117
7,ets_add_s12,mae_ratio,"{""h"":14}",1.487402
7,ets_add_s12,mae_ratio,"{""h"":15}",1.479153
7,ets_add_s12,mae_ratio,"{""h"":16}",1.473341
7,ets_add_s12,mae_ratio,"{""h"":17}",1.479774
7,ets_add_s12,mae_ratio,"{""h"":18}",1.523824
7,ets_add_s12,mae_ratio,"{""h"":19}",1.592897
7,ets_add_s12,mae_ratio,"{""h"":1}",0.490062
7,ets_add_s12,mae_ratio,"{""h"":20}",1.697519
7,ets_add_s12,mae_ratio,"{""h"":21}",1.817664
7,ets_add_s12,mae_ratio,"{""h"":22}",1.943828
7,ets_add_s12,mae_ratio,"{""h"":23}",2.036034
7,ets_add_s12,mae_ratio,"{""h"":24}",2.121151
7,ets_add_s12,mae_ratio,"{""h"":2}",0.537721
7,ets_add_s12,mae_ratio,"{""h"":3}",0.601118
7,ets_add_s12,mae_ratio,"{""h"":4}",0.655347
7,ets_add_s12,mae_ratio,"{""h"":5}",0.736963
7,ets_add_s12,mae_ratio,"{""h"":6}",0.833595
7,ets_add_s12,mae_ratio,"{""h"":7}",0.951929
7,ets_add_s12,mae_ratio,"{""h"":8}",1.09208
7,ets_add_s12,mae_ratio,"{""h"":9}",1.247896
7,ets_add_s12,n,"{""issue"":""apr"",""target"":""apr_jun_monthly_mean_max""}",13.0
7,ets_add_s12,n,"{""issue"":""apr"",""target"":""september_monthly_mean""}",13.0
7,ets_add_s12,n,"{""issue"":""aug"",""target"":""september_monthly_mean""}",13.0
7,ets_add_s12,n,"{""issue"":""feb"",""target"":""apr_jun_monthly_mean_max""}",13.0
7,ets_add_s12,n,"{""issue"":""feb"",""target"":""september_monthly_mean""}",13.0
7,ets_add_s12,n,"{""issue"":""jan"",""target"":""apr_jun_monthly_mean_max""}",13.0
7,ets_add_s12,n,"{""issue"":""jan"",""target"":""september_monthly_mean""}",13.0
7,ets_add_s12,n,"{""issue"":""jul"",""target"":""september_monthly_mean""}",13.0
7,ets_add_s12,n,"{""issue"":""jun"",""target"":""september_monthly_mean""}",13.0
7,ets_add_s12,n,"{""issue"":""mar"",""target"":""apr_jun_monthly_mean_max""}",13.0
7,ets_add_s12,n,"{""issue"":""mar"",""target"":""september_monthly_mean""}",13.0
7,ets_add_s12,n,"{""issue"":""may"",""target"":""apr_jun_monthly_mean_max""}",13.0
7,ets_add_s12,n,"{""issue"":""may"",""target"":""september_monthly_mean""}",13.0
7,ets_add_s12,rmse,"{""h"":10}",2.175559
7,ets_add_s12,rmse,"{""h"":11}",2.357659
7,ets_add_s12,rmse,"{""h"":12}",2.552968
7,ets_add_s12,rmse,"{""h"":13}",2.779949
7,ets_add_s12,rmse,"{""h"":14}",3.037033
7,ets_add_s12,rmse,"{""h"":15}",3.298614
7,ets_add_s12,rmse,"{""h"":16}",3.543256
7,ets_add_s12,rmse,"{""h"":17}",3.770415
7,ets_add_s12,rmse,"{""h"":18}",3.991417
7,ets_add_s12,rmse,"{""h"":19}",4.207468
7,ets_add_s12,rmse,"{""h"":1}",0.217821
7,ets_add_s12,rmse,"{""h"":20}",4.420538
7,ets_add_s12,rmse,"{""h"":21}",4.632618
7,ets_add_s12,rmse,"{""h"":22}",4.847042
7,ets_add_s12,rmse,"{""h"":23}",5.061771
7,ets_add_s12,rmse,"{""h"":24}",5.285515
7,ets_add_s12,rmse,"{""h"":2}",0.458135
7,ets_add_s12,rmse,"{""h"":3}",0.704405
7,ets_add_s12,rmse,"{""h"":4}",0.934316
7,ets_add_s12,rmse,"{""h"":5}",1.157448
7,ets_add_s12,rmse,"{""h"":6}",1.374235
7,ets_add_s12,rmse,"{""h"":7}",1.590712
7,ets_add_s12,rmse,"{""h"":8}",1.798434
7,ets_add_s12,rmse,"{""h"":9}",1.993986
8,ets_damped_noseas,cov90,"{""h"":10}",0.878981
8,ets_damped_noseas,cov90,"{""h"":11}",0.878981
8,ets_damped_noseas,cov90,"{""h"":12}",0.872611
8,ets_damped_noseas,cov90,"{""h"":13}",0.88535
8,ets_damped_noseas,cov90,"{""h"":14}",0.88535
8,ets_damped_noseas,cov90,"{""h"":15}",0.88535
8,ets_damped_noseas,cov90,"{""h"":16}",0.88535
8,ets_damped_noseas,cov90,"{""h"":17}",0.878981
8,ets_damped_noseas,cov90,"{""h"":18}",0.878981
8,ets_damped_noseas,cov90,"{""h"":19}",0.878981
8,ets_damped_noseas,cov90,"{""h"":1}",0.89172
8,ets_damped_noseas,cov90,"{""h"":20}",0.872611
8,ets_damped_noseas,cov90,"{""h"":21}",0.878981
8,ets_damped_noseas,cov90,"{""h"":22}",0.872611
8,ets_damped_noseas,cov90,"{""h"":23}",0.88535
8,ets_damped_noseas,cov90,"{""h"":24}",0.872611
8,ets_damped_noseas,cov90,"{""h"":2}",0.88535
8,ets_damped_noseas,cov90,"{""h"":3}",0.898089
8,ets_damped_noseas,cov90,"{""h"":4}",0.878981
8,ets_damped_noseas,cov90,"{""h"":5}",0.866242
8,ets_damped_noseas,cov90,"{""h"":6}",0.878981
8,ets_damped_noseas,cov90,"{""h"":7}",0.88535
8,ets_damped_noseas,cov90,"{""h"":8}",0.89172
8,ets_damped_noseas,cov90,"{""h"":9}",0.872611
8,ets_damped_noseas,mean_pinball_loss,"{""h"":10}",0.574949
8,ets_damped_noseas,mean_pinball_loss,"{""h"":11}",0.540319
8,ets_damped_noseas,mean_pinball_loss,"{""h"":12}",0.499947
8,ets_damped_noseas,mean_pinball_loss,"{""h"":13}",0.481285
8,ets_damped_noseas,mean_pinball_loss,"{""h"":14}",0.499108
8,ets_damped_noseas,mean_pinball_loss,"{""h"":15}",0.548192
8,ets_damped_noseas,mean_pinball_loss,"{""h"":16}",0.612331
8,ets_damped_noseas,mean_pinball_loss,"{""h"":17}",0.675545
8,ets_damped_noseas,mean_pinball_loss,"{""h"":18}",0.727953
8,ets_damped_noseas,mean_pinball_loss,"{""h"":19}",0.764202
8,ets_damped_noseas,mean_pinball_loss,"{""h"":1}",0.062077
8,ets_damped_noseas,mean_pinball_loss,"{""h"":20}",0.781841
8,ets_damped_noseas,mean_pinball_loss,"{""h"":21}",0.777085
8,ets_damped_noseas,mean_pinball_loss,"{""h"":22}",0.739409
8,ets_damped_noseas,mean_pinball_loss,"{""h"":23}",0.703422
8,ets_damped_noseas,mean_pinball_loss,"{""h"":24}",0.673443
8,ets_damped_noseas,mean_pinball_loss,"{""h"":2}",0.150115
8,ets_damped_noseas,mean_pinball_loss,"{""h"":3}",0.252909
8,ets_damped_noseas,mean_pinball_loss,"{""h"":4}",0.352755
8,ets_damped_noseas,mean_pinball_loss,"{""h"":5}",0.448495
8,ets_damped_noseas,mean_pinball_loss,"{""h"":6}",0.523591
8,ets_damped_noseas,mean_pinball_loss,"{""h"":7}",0.575004
8,ets_damped_noseas,mean_pinball_loss,"{""h"":8}",0.605268
8,ets_damped_noseas,mean_pinball_loss,"{""h"":9}",0.606917
8,ets_damped_noseas,mae,"{""h"":10}",1.921195
8,ets_damped_noseas,mae,"{""h"":11}",1.766726
8,ets_damped_noseas,mae,"{""h"":12}",1.62271
8,ets_damped_noseas,mae,"{""h"":13}",1.533698
8,ets_damped_noseas,mae,"{""h"":14}",1.552181
8,ets_damped_noseas,mae,"{""h"":15}",1.695689
8,ets_damped_noseas,mae,"{""h"":16}",1.898941
8,ets_damped_noseas,mae,"{""h"":17}",2.109607
8,ets_damped_noseas,mae,"{""h"":18}",2.32315
8,ets_damped_noseas,mae,"{""h"":19}",2.47505
8,ets_damped_noseas,mae,"{""h"":1}",0.193004
8,ets_damped_noseas,mae,"{""h"":20}",2.537182
8,ets_damped_noseas,mae,"{""h"":21}",2.498305
8,ets_damped_noseas,mae,"{""h"":22}",2.403181
8,ets_damped_noseas,mae,"{""h"":23}",2.283381
8,ets_damped_noseas,mae,"{""h"":24}",2.168766
8,ets_damped_noseas,mae,"{""h"":2}",0.480674
8,ets_damped_noseas,mae,"{""h"":3}",0.827064
8,ets_damped_noseas,mae,"{""h"":4}",1.181377
8,ets_damped_noseas,mae,"{""h"":5}",1.51559
8,ets_damped_noseas,mae,"{""h"":6}",1.791032
8,ets_damped_noseas,mae,"{""h"":7}",1.977255
8,ets_damped_noseas,mae,"{""h"":8}",2.059801
8,ets_damped_noseas,mae,"{""h"":9}",2.034372
8,ets_damped_noseas,mae,"{""issue"":""apr"",""target"":""apr_jun_monthly_mean_max""}",0.498547
8,ets_damped_noseas,mae,"{""issue"":""apr"",""target"":""september_monthly_mean""}",2.549379
8,ets_damped_noseas,mae,"{""issue"":""aug"",""target"":""september_monthly_mean""}",0.266051
8,ets_damped_noseas,mae,"{""issue"":""feb"",""target"":""apr_jun_monthly_mean_max""}",0.82922
8,ets_damped_noseas,mae,"{""issue"":""feb"",""target"":""september_monthly_mean""}",1.582332
8,ets_damped_noseas,mae,"{""issue"":""jan"",""target"":""apr_jun_monthly_mean_max""}",1.2185
8,ets_damped_noseas,mae,"{""issue"":""jan"",""target"":""september_monthly_mean""}",1.50282
8,ets_damped_noseas,mae,"{""issue"":""jul"",""target"":""september_monthly_mean""}",1.281938
8,ets_damped_noseas,mae,"{""issue"":""jun"",""target"":""september_monthly_mean""}",2.064169
8,ets_damped_noseas,mae,"{""issue"":""mar"",""target"":""apr_jun_monthly_mean_max""}",0.597781
8,ets_damped_noseas,mae,"{""issue"":""mar"",""target"":""september_monthly_mean""}",2.205682
8,ets_damped_noseas,mae,"{""issue"":""may"",""target"":""apr_jun_monthly_mean_max""}",0.237033
8,ets_damped_noseas,mae,"{""issue"":""may"",""target"":""september_monthly_mean""}",2.530365
8,ets_damped_noseas,mae_ratio,"{""h"":10}",1.567363
8,ets_damped_noseas,mae_ratio,"{""h"":11}",1.431487
8,ets_damped_noseas,mae_ratio,"{""h"":12}",1.262822
8,ets_damped_noseas,mae_ratio,"{""h"":13}",1.122292
8,ets_damped_noseas,mae_ratio,"{""h"":14}",1.037023
8,ets_damped_noseas,mae_ratio,"{""h"":15}",1.038152
8,ets_damped_noseas,mae_ratio,"{""h"":16}",1.079952
8,ets_damped_noseas,mae_ratio,"{""h"":17}",1.13671
8,ets_damped_noseas,mae_ratio,"{""h"":18}",1.215826
8,ets_damped_noseas,mae_ratio,"{""h"":19}",1.280787
8,ets_damped_noseas,mae_ratio,"{""h"":1}",0.575349
8,ets_damped_noseas,mae_ratio,"{""h"":20}",1.326311
8,ets_damped_noseas,mae_ratio,"{""h"":21}",1.333141
8,ets_damped_noseas,mae_ratio,"{""h"":22}",1.316486
8,ets_damped_noseas,mae_ratio,"{""h"":23}",1.266316
8,ets_damped_noseas,mae_ratio,"{""h"":24}",1.209285
8,ets_damped_noseas,mae_ratio,"{""h"":2}",0.754733
8,ets_damped_noseas,mae_ratio,"{""h"":3}",0.919508
8,ets_damped_noseas,mae_ratio,"{""h"":4}",1.064504
8,ets_damped_noseas,mae_ratio,"{""h"":5}",1.208032
8,ets_damped_noseas,mae_ratio,"{""h"":6}",1.345942
8,ets_damped_noseas,mae_ratio,"{""h"":7}",1.470813
8,ets_damped_noseas,mae_ratio,"{""h"":8}",1.570604
8,ets_damped_noseas,mae_ratio,"{""h"":9}",1.619341
8,ets_damped_noseas,n,"{""issue"":""apr"",""target"":""apr_jun_monthly_mean_max""}",13.0
8,ets_damped_noseas,n,"{""issue"":""apr"",""target"":""september_monthly_mean""}",13.0
8,ets_damped_noseas,n,"{""issue"":""aug"",""target"":""september_monthly_mean""}",13.0
8,ets_damped_noseas,n,"{""issue"":""feb"",""target"":""apr_jun_monthly_mean_max""}",13.0
8,ets_damped_noseas,n,"{""issue"":""feb"",""target"":""september_monthly_mean""}",13.0
8,ets_damped_noseas,n,"{""issue"":""jan"",""target"":""apr_jun_monthly_mean_max""}",13.0
8,ets_damped_noseas,n,"{""issue"":""jan"",""target"":""september_monthly_mean""}",13.0
8,ets_damped_noseas,n,"{""issue"":""jul"",""target"":""september_monthly_mean""}",13.0
8,ets_damped_noseas,n,"{""issue"":""jun"",""target"":""september_monthly_mean""}",13.0
8,ets_damped_noseas,n,"{""issue"":""mar"",""target"":""apr_jun_monthly_mean_max""}",13.0
8,ets_damped_noseas,n,"{""issue"":""mar"",""target"":""september_monthly_mean""}",13.0
8,ets_damped_noseas,n,"{""issue"":""may"",""target"":""apr_jun_monthly_mean_max""}",13.0
8,ets_damped_noseas,n,"{""issue"":""may"",""target"":""september_monthly_mean""}",13.0
8,ets_damped_noseas,rmse,"{""h"":10}",2.300023
8,ets_damped_noseas,rmse,"{""h"":11}",2.139305
8,ets_damped_noseas,rmse,"{""h"":12}",1.973384
8,ets_damped_noseas,rmse,"{""h"":13}",1.890566
8,ets_damped_noseas,rmse,"{""h"":14}",1.956274
8,ets_damped_noseas,rmse,"{""h"":15}",2.152153
8,ets_damped_noseas,rmse,"{""h"":16}",2.406632
8,ets_damped_noseas,rmse,"{""h"":17}",2.65724
8,ets_damped_noseas,rmse,"{""h"":18}",2.869767
8,ets_damped_noseas,rmse,"{""h"":19}",3.015135
8,ets_damped_noseas,rmse,"{""h"":1}",0.252201
8,ets_damped_noseas,rmse,"{""h"":20}",3.076809
8,ets_damped_noseas,rmse,"{""h"":21}",3.047902
8,ets_damped_noseas,rmse,"{""h"":22}",2.944586
8,ets_damped_noseas,rmse,"{""h"":23}",2.794036
8,ets_damped_noseas,rmse,"{""h"":24}",2.650712
8,ets_damped_noseas,rmse,"{""h"":2}",0.608128
8,ets_damped_noseas,rmse,"{""h"":3}",1.015729
8,ets_damped_noseas,rmse,"{""h"":4}",1.414121
8,ets_damped_noseas,rmse,"{""h"":5}",1.774924
8,ets_damped_noseas,rmse,"{""h"":6}",2.069043
8,ets_damped_noseas,rmse,"{""h"":7}",2.279758
8,ets_damped_noseas,rmse,"{""h"":8}",2.391872
8,ets_damped_noseas,rmse,"{""h"":9}",2.396869
9,ets_damped_s12,cov90,"{""h"":10}",0.89172
9,ets_damped_s12,cov90,"{""h"":11}",0.88535
9,ets_damped_s12,cov90,"{""h"":12}",0.878981
9,ets_damped_s12,cov90,"{""h"":13}",0.878981
9,ets_damped_s12,cov90,"{""h"":14}",0.88535
9,ets_damped_s12,cov90,"{""h"":15}",0.866242
9,ets_damped_s12,cov90,"{""h"":16}",0.878981
9,ets_damped_s12,cov90,"{""h"":17}",0.859873
9,ets_damped_s12,cov90,"{""h"":18}",0.866242
9,ets_damped_s12,cov90,"{""h"":19}",0.866242
9,ets_damped_s12,cov90,"{""h"":1}",0.88535
9,ets_damped_s12,cov90,"{""h"":20}",0.866242
9,ets_damped_s12,cov90,"{""h"":21}",0.859873
9,ets_damped_s12,cov90,"{""h"":22}",0.859873
9,ets_damped_s12,cov90,"{""h"":23}",0.859873
9,ets_damped_s12,cov90,"{""h"":24}",0.866242
9,ets_damped_s12,cov90,"{""h"":2}",0.88535
9,ets_damped_s12,cov90,"{""h"":3}",0.898089
9,ets_damped_s12,cov90,"{""h"":4}",0.89172
9,ets_damped_s12,cov90,"{""h"":5}",0.89172
9,ets_damped_s12,cov90,"{""h"":6}",0.88535
9,ets_damped_s12,cov90,"{""h"":7}",0.878981
9,ets_damped_s12,cov90,"{""h"":8}",0.88535
9,ets_damped_s12,cov90,"{""h"":9}",0.88535
9,ets_damped_s12,mean_pinball_loss,"{""h"":10}",0.350212
9,ets_damped_s12,mean_pinball_loss,"{""h"":11}",0.359067
9,ets_damped_s12,mean_pinball_loss,"{""h"":12}",0.376448
9,ets_damped_s12,mean_pinball_loss,"{""h"":13}",0.407847
9,ets_damped_s12,mean_pinball_loss,"{""h"":14}",0.43992
9,ets_damped_s12,mean_pinball_loss,"{""h"":15}",0.464149
9,ets_damped_s12,mean_pinball_loss,"{""h"":16}",0.491371
9,ets_damped_s12,mean_pinball_loss,"{""h"":17}",0.509556
9,ets_damped_s12,mean_pinball_loss,"{""h"":18}",0.523968
9,ets_damped_s12,mean_pinball_loss,"{""h"":19}",0.546408
9,ets_damped_s12,mean_pinball_loss,"{""h"":1}",0.046481
9,ets_damped_s12,mean_pinball_loss,"{""h"":20}",0.555111
9,ets_damped_s12,mean_pinball_loss,"{""h"":21}",0.564544
9,ets_damped_s12,mean_pinball_loss,"{""h"":22}",0.568929
9,ets_damped_s12,mean_pinball_loss,"{""h"":23}",0.583832
9,ets_damped_s12,mean_pinball_loss,"{""h"":24}",0.592517
9,ets_damped_s12,mean_pinball_loss,"{""h"":2}",0.095687
9,ets_damped_s12,mean_pinball_loss,"{""h"":3}",0.144096
9,ets_damped_s12,mean_pinball_loss,"{""h"":4}",0.188145
9,ets_damped_s12,mean_pinball_loss,"{""h"":5}",0.22486
9,ets_damped_s12,mean_pinball_loss,"{""h"":6}",0.255774
9,ets_damped_s12,mean_pinball_loss,"{""h"":7}",0.28239
9,ets_damped_s12,mean_pinball_loss,"{""h"":8}",0.306093
9,ets_damped_s12,mean_pinball_loss,"{""h"":9}",0.327628
9,ets_damped_s12,mae,"{""h"":10}",1.121252
9,ets_damped_s12,mae,"{""h"":11}",1.177909
9,ets_damped_s12,mae,"{""h"":12}",1.245483
9,ets_damped_s12,mae,"{""h"":13}",1.320771
9,ets_damped_s12,mae,"{""h"":14}",1.412264
9,ets_damped_s12,mae,"{""h"":15}",1.496043
9,ets_damped_s12,mae,"{""h"":16}",1.560234
9,ets_damped_s12,mae,"{""h"":17}",1.597939
9,ets_damped_s12,mae,"{""h"":18}",1.646659
9,ets_damped_s12,mae,"{""h"":19}",1.697123
9,ets_damped_s12,mae,"{""h"":1}",0.144165
9,ets_damped_s12,mae,"{""h"":20}",1.74243
9,ets_damped_s12,mae,"{""h"":21}",1.788951
9,ets_damped_s12,mae,"{""h"":22}",1.846896
9,ets_damped_s12,mae,"{""h"":23}",1.890724
9,ets_damped_s12,mae,"{""h"":24}",1.91673
9,ets_damped_s12,mae,"{""h"":2}",0.291316
9,ets_damped_s12,mae,"{""h"":3}",0.447641
9,ets_damped_s12,mae,"{""h"":4}",0.57942
9,ets_damped_s12,mae,"{""h"":5}",0.709125
9,ets_damped_s12,mae,"{""h"":6}",0.823018
9,ets_damped_s12,mae,"{""h"":7}",0.931926
9,ets_damped_s12,mae,"{""h"":8}",1.015589
9,ets_damped_s12,mae,"{""h"":9}",1.084021
9,ets_damped_s12,mae,"{""issue"":""apr"",""target"":""apr_jun_monthly_mean_max""}",0.408652
9,ets_damped_s12,mae,"{""issue"":""apr"",""target"":""september_monthly_mean""}",0.936431
9,ets_damped_s12,mae,"{""issue"":""aug"",""target"":""september_monthly_mean""}",0.296821
9,ets_damped_s12,mae,"{""issue"":""feb"",""target"":""apr_jun_monthly_mean_max""}",0.868812
9,ets_damped_s12,mae,"{""issue"":""feb"",""target"":""september_monthly_mean""}",1.139606
9,ets_damped_s12,mae,"{""issue"":""jan"",""target"":""apr_jun_monthly_mean_max""}",1.011286
9,ets_damped_s12,mae,"{""issue"":""jan"",""target"":""september_monthly_mean""}",1.280395
9,ets_damped_s12,mae,"{""issue"":""jul"",""target"":""september_monthly_mean""}",0.547042
9,ets_damped_s12,mae,"{""issue"":""jun"",""target"":""september_monthly_mean""}",0.560836
9,ets_damped_s12,mae,"{""issue"":""mar"",""target"":""apr_jun_monthly_mean_max""}",0.70139
9,ets_damped_s12,mae,"{""issue"":""mar"",""target"":""september_monthly_mean""}",1.123286
9,ets_damped_s12,mae,"{""issue"":""may"",""target"":""apr_jun_monthly_mean_max""}",0.176448
9,ets_damped_s12,mae,"{""issue"":""may"",""target"":""september_monthly_mean""}",0.744339
9,ets_damped_s12,mae_ratio,"{""h"":10}",0.914749
9,ets_damped_s12,mae_ratio,"{""h"":11}",0.954398
9,ets_damped_s12,mae_ratio,"{""h"":12}",0.969257
9,ets_damped_s12,mae_ratio,"{""h"":13}",0.966482
9,ets_damped_s12,mae_ratio,"{""h"":14}",0.943543
9,ets_damped_s12,mae_ratio,"{""h"":15}",0.915922
9,ets_damped_s12,mae_ratio,"{""h"":16}",0.887325
9,ets_damped_s12,mae_ratio,"{""h"":17}",0.861011
9,ets_damped_s12,mae_ratio,"{""h"":18}",0.861783
9,ets_damped_s12,mae_ratio,"{""h"":19}",0.878226
9,ets_damped_s12,mae_ratio,"{""h"":1}",0.429758
9,ets_damped_s12,mae_ratio,"{""h"":20}",0.910854
9,ets_damped_s12,mae_ratio,"{""h"":21}",0.954617
9,ets_damped_s12,mae_ratio,"{""h"":22}",1.011748
9,ets_damped_s12,mae_ratio,"{""h"":23}",1.048557
9,ets_damped_s12,mae_ratio,"{""h"":24}",1.068752
9,ets_damped_s12,mae_ratio,"{""h"":2}",0.457412
9,ets_damped_s12,mae_ratio,"{""h"":3}",0.497676
9,ets_damped_s12,mae_ratio,"{""h"":4}",0.522098
9,ets_damped_s12,mae_ratio,"{""h"":5}",0.565222
9,ets_damped_s12,mae_ratio,"{""h"":6}",0.61849
9,ets_damped_s12,mae_ratio,"{""h"":7}",0.693228
9,ets_damped_s12,mae_ratio,"{""h"":8}",0.774389
9,ets_damped_s12,mae_ratio,"{""h"":9}",0.86287
9,ets_damped_s12,n,"{""issue"":""apr"",""target"":""apr_jun_monthly_mean_max""}",13.0
9,ets_damped_s12,n,"{""issue"":""apr"",""target"":""september_monthly_mean""}",13.0
9,ets_damped_s12,n,"{""issue"":""aug"",""target"":""september_monthly_mean""}",13.0
9,ets_damped_s12,n,"{""issue"":""feb"",""target"":""apr_jun_monthly_mean_max""}",13.0
9,ets_damped_s12,n,"{""issue"":""feb"",""target"":""september_monthly_mean""}",13.0
9,ets_damped_s12,n,"{""issue"":""jan"",""target"":""apr_jun_monthly_mean_max""}",13.0
9,ets_damped_s12,n,"{""issue"":""jan"",""target"":""september_monthly_mean""}",13.0
9,ets_damped_s12,n,"{""issue"":""jul"",""target"":""september_monthly_mean""}",13.0
9,ets_damped_s12,n,"{""issue"":""jun"",""target"":""september_monthly_mean""}",13.0
9,ets_damped_s12,n,"{""issue"":""mar"",""target"":""apr_jun_monthly_mean_max""}",13.0
9,ets_damped_s12,n,"{""issue"":""mar"",""target"":""september_monthly_mean""}",13.0
9,ets_damped_s12,n,"{""issue"":""may"",""target"":""apr_jun_monthly_mean_max""}",13.0
9,ets_damped_s12,n,"{""issue"":""may"",""target"":""september_monthly_mean""}",13.0
9,ets_damped_s12,rmse,"{""h"":10}",1.375835
9,ets_damped_s12,rmse,"{""h"":11}",1.442194
9,ets_damped_s12,rmse,"{""h"":12}",1.512927
9,ets_damped_s12,rmse,"{""h"":13}",1.600351
9,ets_damped_s12,rmse,"{""h"":14}",1.703255
9,ets_damped_s12,rmse,"{""h"":15}",1.804535
9,ets_damped_s12,rmse,"{""h"":16}",1.888393
9,ets_damped_s12,rmse,"{""h"":17}",1.954008
9,ets_damped_s12,rmse,"{""h"":18}",2.012554
9,ets_damped_s12,rmse,"{""h"":19}",2.064875
9,ets_damped_s12,rmse,"{""h"":1}",0.193059
9,ets_damped_s12,rmse,"{""h"":20}",2.112894
9,ets_damped_s12,rmse,"{""h"":21}",2.158188
9,ets_damped_s12,rmse,"{""h"":22}",2.204537
9,ets_damped_s12,rmse,"{""h"":23}",2.248427
9,ets_damped_s12,rmse,"{""h"":24}",2.294021
9,ets_damped_s12,rmse,"{""h"":2}",0.39953
9,ets_damped_s12,rmse,"{""h"":3}",0.59678
9,ets_damped_s12,rmse,"{""h"":4}",0.758421
9,ets_damped_s12,rmse,"{""h"":5}",0.897609
9,ets_damped_s12,rmse,"{""h"":6}",1.018249
9,ets_damped_s12,rmse,"{""h"":7}",1.12813
9,ets_damped_s12,rmse,"{""h"":8}",1.224848
9,ets_damped_s12,rmse,"{""h"":9}",1.307756
10,inflow_chain,cov90,"{""h"":10}",0.88535
10,inflow_chain,cov90,"{""h"":11}",0.878981
10,inflow_chain,cov90,"{""h"":12}",0.88535
10,inflow_chain,cov90,"{""h"":13}",0.88535
10,inflow_chain,cov90,"{""h"":14}",0.866242
10,inflow_chain,cov90,"{""h"":15}",0.853503
10,inflow_chain,cov90,"{""h"":16}",0.859873
10,inflow_chain,cov90,"{""h"":17}",0.859873
10,inflow_chain,cov90,"{""h"":18}",0.859873
10,inflow_chain,cov90,"{""h"":19}",0.859873
10,inflow_chain,cov90,"{""h"":1}",0.88535
10,inflow_chain,cov90,"{""h"":20}",0.859873
10,inflow_chain,cov90,"{""h"":21}",0.853503
10,inflow_chain,cov90,"{""h"":22}",0.866242
10,inflow_chain,cov90,"{""h"":23}",0.872611
10,inflow_chain,cov90,"{""h"":24}",0.853503
10,inflow_chain,cov90,"{""h"":2}",0.898089
10,inflow_chain,cov90,"{""h"":3}",0.89172
10,inflow_chain,cov90,"{""h"":4}",0.878981
10,inflow_chain,cov90,"{""h"":5}",0.872611
10,inflow_chain,cov90,"{""h"":6}",0.866242
10,inflow_chain,cov90,"{""h"":7}",0.878981
10,inflow_chain,cov90,"{""h"":8}",0.88535
10,inflow_chain,cov90,"{""h"":9}",0.878981
10,inflow_chain,mean_pinball_loss,"{""h"":10}",0.267652
10,inflow_chain,mean_pinball_loss,"{""h"":11}",0.283993
10,inflow_chain,mean_pinball_loss,"{""h"":12}",0.320482
10,inflow_chain,mean_pinball_loss,"{""h"":13}",0.338411
10,inflow_chain,mean_pinball_loss,"{""h"":14}",0.3729
10,inflow_chain,mean_pinball_loss,"{""h"":15}",0.396516
10,inflow_chain,mean_pinball_loss,"{""h"":16}",0.413994
10,inflow_chain,mean_pinball_loss,"{""h"":17}",0.427618
10,inflow_chain,mean_pinball_loss,"{""h"":18}",0.441288
10,inflow_chain,mean_pinball_loss,"{""h"":19}",0.453884
10,inflow_chain,mean_pinball_loss,"{""h"":1}",0.045666
10,inflow_chain,mean_pinball_loss,"{""h"":20}",0.461162
10,inflow_chain,mean_pinball_loss,"{""h"":21}",0.474114
10,inflow_chain,mean_pinball_loss,"{""h"":22}",0.489755
10,inflow_chain,mean_pinball_loss,"{""h"":23}",0.510821
10,inflow_chain,mean_pinball_loss,"{""h"":24}",0.519129
10,inflow_chain,mean_pinball_loss,"{""h"":2}",0.077417
10,inflow_chain,mean_pinball_loss,"{""h"":3}",0.103191
10,inflow_chain,mean_pinball_loss,"{""h"":4}",0.131685
10,inflow_chain,mean_pinball_loss,"{""h"":5}",0.156694
10,inflow_chain,mean_pinball_loss,"{""h"":6}",0.17782
10,inflow_chain,mean_pinball_loss,"{""h"":7}",0.198156
10,inflow_chain,mean_pinball_loss,"{""h"":8}",0.217913
10,inflow_chain,mean_pinball_loss,"{""h"":9}",0.243851
10,inflow_chain,mae,"{""h"":10}",1.099959
10,inflow_chain,mae,"{""h"":11}",1.210229
10,inflow_chain,mae,"{""h"":12}",1.320299
10,inflow_chain,mae,"{""h"":13}",1.431109
10,inflow_chain,mae,"{""h"":14}",1.535454
10,inflow_chain,mae,"{""h"":15}",1.627236
10,inflow_chain,mae,"{""h"":16}",1.7146
10,inflow_chain,mae,"{""h"":17}",1.791312
10,inflow_chain,mae,"{""h"":18}",1.860431
10,inflow_chain,mae,"{""h"":19}",1.941408
10,inflow_chain,mae,"{""h"":1}",0.150943
10,inflow_chain,mae,"{""h"":20}",2.0074
10,inflow_chain,mae,"{""h"":21}",2.079637
10,inflow_chain,mae,"{""h"":22}",2.15877
10,inflow_chain,mae,"{""h"":23}",2.24021
10,inflow_chain,mae,"{""h"":24}",2.314566
10,inflow_chain,mae,"{""h"":2}",0.263627
10,inflow_chain,mae,"{""h"":3}",0.374195
10,inflow_chain,mae,"{""h"":4}",0.473426
10,inflow_chain,mae,"{""h"":5}",0.57829
10,inflow_chain,mae,"{""h"":6}",0.680884
10,inflow_chain,mae,"{""h"":7}",0.780031
10,inflow_chain,mae,"{""h"":8}",0.877476
10,inflow_chain,mae,"{""h"":9}",0.981917
10,inflow_chain,mae,"{""issue"":""apr"",""target"":""apr_jun_monthly_mean_max""}",0.268897
10,inflow_chain,mae,"{""issue"":""apr"",""target"":""september_monthly_mean""}",0.781017
10,inflow_chain,mae,"{""issue"":""aug"",""target"":""september_monthly_mean""}",0.186607
10,inflow_chain,mae,"{""issue"":""feb"",""target"":""apr_jun_monthly_mean_max""}",0.62457
10,inflow_chain,mae,"{""issue"":""feb"",""target"":""september_monthly_mean""}",0.970068
10,inflow_chain,mae,"{""issue"":""jan"",""target"":""apr_jun_monthly_mean_max""}",0.838385
10,inflow_chain,mae,"{""issue"":""jan"",""target"":""september_monthly_mean""}",1.126109
10,inflow_chain,mae,"{""issue"":""jul"",""target"":""september_monthly_mean""}",0.368291
10,inflow_chain,mae,"{""issue"":""jun"",""target"":""september_monthly_mean""}",0.528016
10,inflow_chain,mae,"{""issue"":""mar"",""target"":""apr_jun_monthly_mean_max""}",0.415522
10,inflow_chain,mae,"{""issue"":""mar"",""target"":""september_monthly_mean""}",0.865081
10,inflow_chain,mae,"{""issue"":""may"",""target"":""apr_jun_monthly_mean_max""}",0.123868
10,inflow_chain,mae,"{""issue"":""may"",""target"":""september_monthly_mean""}",0.660815
10,inflow_chain,mae_ratio,"{""h"":10}",0.897377
10,inflow_chain,mae_ratio,"{""h"":11}",0.980586
10,inflow_chain,mae_ratio,"{""h"":12}",1.027481
10,inflow_chain,mae_ratio,"{""h"":13}",1.047222
10,inflow_chain,mae_ratio,"{""h"":14}",1.025847
10,inflow_chain,mae_ratio,"{""h"":15}",0.996243
10,inflow_chain,mae_ratio,"{""h"":16}",0.975115
10,inflow_chain,mae_ratio,"{""h"":17}",0.965205
10,inflow_chain,mae_ratio,"{""h"":18}",0.973661
10,inflow_chain,mae_ratio,"{""h"":19}",1.004638
10,inflow_chain,mae_ratio,"{""h"":1}",0.449963
10,inflow_chain,mae_ratio,"{""h"":20}",1.049368
10,inflow_chain,mae_ratio,"{""h"":21}",1.109732
10,inflow_chain,mae_ratio,"{""h"":22}",1.182595
10,inflow_chain,mae_ratio,"{""h"":23}",1.242375
10,inflow_chain,mae_ratio,"{""h"":24}",1.290582
10,inflow_chain,mae_ratio,"{""h"":2}",0.413935
10,inflow_chain,mae_ratio,"{""h"":3}",0.41602
10,inflow_chain,mae_ratio,"{""h"":4}",0.42659
10,inflow_chain,mae_ratio,"{""h"":5}",0.460938
10,inflow_chain,mae_ratio,"{""h"":6}",0.511677
10,inflow_chain,mae_ratio,"{""h"":7}",0.580239
10,inflow_chain,mae_ratio,"{""h"":8}",0.669077
10,inflow_chain,mae_ratio,"{""h"":9}",0.781597
10,inflow_chain,n,"{""issue"":""apr"",""target"":""apr_jun_monthly_mean_max""}",13.0
10,inflow_chain,n,"{""issue"":""apr"",""target"":""september_monthly_mean""}",13.0
10,inflow_chain,n,"{""issue"":""aug"",""target"":""september_monthly_mean""}",13.0
10,inflow_chain,n,"{""issue"":""feb"",""target"":""apr_jun_monthly_mean_max""}",13.0
10,inflow_chain,n,"{""issue"":""feb"",""target"":""september_monthly_mean""}",13.0
10,inflow_chain,n,"{""issue"":""jan"",""target"":""apr_jun_monthly_mean_max""}",13.0
10,inflow_chain,n,"{""issue"":""jan"",""target"":""september_monthly_mean""}",13.0
10,inflow_chain,n,"{""issue"":""jul"",""target"":""september_monthly_mean""}",13.0
10,inflow_chain,n,"{""issue"":""jun"",""target"":""september_monthly_mean""}",13.0
10,inflow_chain,n,"{""issue"":""mar"",""target"":""apr_jun_monthly_mean_max""}",13.0
10,inflow_chain,n,"{""issue"":""mar"",""target"":""september_monthly_mean""}",13.0
10,inflow_chain,n,"{""issue"":""may"",""target"":""apr_jun_monthly_mean_max""}",13.0
10,inflow_chain,n,"{""issue"":""may"",""target"":""september_monthly_mean""}",13.0
10,inflow_chain,rmse,"{""h"":10}",1.293573
10,inflow_chain,rmse,"{""h"":11}",1.406866
10,inflow_chain,rmse,"{""h"":12}",1.523299
10,inflow_chain,rmse,"{""h"":13}",1.643239
10,inflow_chain,rmse,"{""h"":14}",1.761055
10,inflow_chain,rmse,"{""h"":15}",1.871156
10,inflow_chain,rmse,"{""h"":16}",1.977288
10,inflow_chain,rmse,"{""h"":17}",2.076468
10,inflow_chain,rmse,"{""h"":18}",2.170617
10,inflow_chain,rmse,"{""h"":19}",2.262404
10,inflow_chain,rmse,"{""h"":1}",0.193115
10,inflow_chain,rmse,"{""h"":20}",2.353403
10,inflow_chain,rmse,"{""h"":21}",2.44916
10,inflow_chain,rmse,"{""h"":22}",2.544179
10,inflow_chain,rmse,"{""h"":23}",2.637843
10,inflow_chain,rmse,"{""h"":24}",2.724162
10,inflow_chain,rmse,"{""h"":2}",0.339172
10,inflow_chain,rmse,"{""h"":3}",0.466915
10,inflow_chain,rmse,"{""h"":4}",0.592549
10,inflow_chain,rmse,"{""h"":5}",0.71273
10,inflow_chain,rmse,"{""h"":6}",0.832809
10,inflow_chain,rmse,"{""h"":7}",0.947426
10,inflow_chain,rmse,"{""h"":8}",1.058782
10,inflow_chain,rmse,"{""h"":9}",1.178613
11,inflow_chain_area,cov90,"{""h"":10}",0.88535
11,inflow_chain_area,cov90,"{""h"":11}",0.878981
11,inflow_chain_area,cov90,"{""h"":12}",0.878981
11,inflow_chain_area,cov90,"{""h"":13}",0.88535
11,inflow_chain_area,cov90,"{""h"":14}",0.859873
11,inflow_chain_area,cov90,"{""h"":15}",0.859873
11,inflow_chain_area,cov90,"{""h"":16}",0.859873
11,inflow_chain_area,cov90,"{""h"":17}",0.853503
11,inflow_chain_area,cov90,"{""h"":18}",0.859873
11,inflow_chain_area,cov90,"{""h"":19}",0.859873
11,inflow_chain_area,cov90,"{""h"":1}",0.88535
11,inflow_chain_area,cov90,"{""h"":20}",0.872611
11,inflow_chain_area,cov90,"{""h"":21}",0.853503
11,inflow_chain_area,cov90,"{""h"":22}",0.859873
11,inflow_chain_area,cov90,"{""h"":23}",0.878981
11,inflow_chain_area,cov90,"{""h"":24}",0.859873
11,inflow_chain_area,cov90,"{""h"":2}",0.898089
11,inflow_chain_area,cov90,"{""h"":3}",0.872611
11,inflow_chain_area,cov90,"{""h"":4}",0.88535
11,inflow_chain_area,cov90,"{""h"":5}",0.872611
11,inflow_chain_area,cov90,"{""h"":6}",0.866242
11,inflow_chain_area,cov90,"{""h"":7}",0.878981
11,inflow_chain_area,cov90,"{""h"":8}",0.878981
11,inflow_chain_area,cov90,"{""h"":9}",0.88535
11,inflow_chain_area,mean_pinball_loss,"{""h"":10}",0.270237
11,inflow_chain_area,mean_pinball_loss,"{""h"":11}",0.286714
11,inflow_chain_area,mean_pinball_loss,"{""h"":12}",0.326869
11,inflow_chain_area,mean_pinball_loss,"{""h"":13}",0.344186
11,inflow_chain_area,mean_pinball_loss,"{""h"":14}",0.377786
11,inflow_chain_area,mean_pinball_loss,"{""h"":15}",0.402277
11,inflow_chain_area,mean_pinball_loss,"{""h"":16}",0.421524
11,inflow_chain_area,mean_pinball_loss,"{""h"":17}",0.434837
11,inflow_chain_area,mean_pinball_loss,"{""h"":18}",0.44978
11,inflow_chain_area,mean_pinball_loss,"{""h"":19}",0.46334
11,inflow_chain_area,mean_pinball_loss,"{""h"":1}",0.045731
11,inflow_chain_area,mean_pinball_loss,"{""h"":20}",0.468456
11,inflow_chain_area,mean_pinball_loss,"{""h"":21}",0.483859
11,inflow_chain_area,mean_pinball_loss,"{""h"":22}",0.498986
11,inflow_chain_area,mean_pinball_loss,"{""h"":23}",0.51604
11,inflow_chain_area,mean_pinball_loss,"{""h"":24}",0.525528
11,inflow_chain_area,mean_pinball_loss,"{""h"":2}",0.077704
11,inflow_chain_area,mean_pinball_loss,"{""h"":3}",0.104016
11,inflow_chain_area,mean_pinball_loss,"{""h"":4}",0.132402
11,inflow_chain_area,mean_pinball_loss,"{""h"":5}",0.158489
11,inflow_chain_area,mean_pinball_loss,"{""h"":6}",0.179434
11,inflow_chain_area,mean_pinball_loss,"{""h"":7}",0.201051
11,inflow_chain_area,mean_pinball_loss,"{""h"":8}",0.22168
11,inflow_chain_area,mean_pinball_loss,"{""h"":9}",0.245936
11,inflow_chain_area,mae,"{""h"":10}",1.110606
11,inflow_chain_area,mae,"{""h"":11}",1.223382
11,inflow_chain_area,mae,"{""h"":12}",1.335478
11,inflow_chain_area,mae,"{""h"":13}",1.446997
11,inflow_chain_area,mae,"{""h"":14}",1.553704
11,inflow_chain_area,mae,"{""h"":15}",1.646709
11,inflow_chain_area,mae,"{""h"":16}",1.736003
11,inflow_chain_area,mae,"{""h"":17}",1.815381
11,inflow_chain_area,mae,"{""h"":18}",1.888501
11,inflow_chain_area,mae,"{""h"":19}",1.96712
11,inflow_chain_area,mae,"{""h"":1}",0.150687
11,inflow_chain_area,mae,"{""h"":20}",2.034929
11,inflow_chain_area,mae,"{""h"":21}",2.110604
11,inflow_chain_area,mae,"{""h"":22}",2.192538
11,inflow_chain_area,mae,"{""h"":23}",2.276883
11,inflow_chain_area,mae,"{""h"":24}",2.353364
11,inflow_chain_area,mae,"{""h"":2}",0.263665
11,inflow_chain_area,mae,"{""h"":3}",0.374887
11,inflow_chain_area,mae,"{""h"":4}",0.475304
11,inflow_chain_area,mae,"{""h"":5}",0.582154
11,inflow_chain_area,mae,"{""h"":6}",0.687058
11,inflow_chain_area,mae,"{""h"":7}",0.787729
11,inflow_chain_area,mae,"{""h"":8}",0.884568
11,inflow_chain_area,mae,"{""h"":9}",0.992176
11,inflow_chain_area,mae,"{""issue"":""apr"",""target"":""apr_jun_monthly_mean_max""}",0.275812
11,inflow_chain_area,mae,"{""issue"":""apr"",""target"":""september_monthly_mean""}",0.785659
11,inflow_chain_area,mae,"{""issue"":""aug"",""target"":""september_monthly_mean""}",0.184338
11,inflow_chain_area,mae,"{""issue"":""feb"",""target"":""apr_jun_monthly_mean_max""}",0.637984
11,inflow_chain_area,mae,"{""issue"":""feb"",""target"":""september_monthly_mean""}",0.982922
11,inflow_chain_area,mae,"{""issue"":""jan"",""target"":""apr_jun_monthly_mean_max""}",0.853135
11,inflow_chain_area,mae,"{""issue"":""jan"",""target"":""september_monthly_mean""}",1.143559
11,inflow_chain_area,mae,"{""issue"":""jul"",""target"":""september_monthly_mean""}",0.360694
11,inflow_chain_area,mae,"{""issue"":""jun"",""target"":""september_monthly_mean""}",0.516804
11,inflow_chain_area,mae,"{""issue"":""mar"",""target"":""apr_jun_monthly_mean_max""}",0.421929
11,inflow_chain_area,mae,"{""issue"":""mar"",""target"":""september_monthly_mean""}",0.875788
11,inflow_chain_area,mae,"{""issue"":""may"",""target"":""apr_jun_monthly_mean_max""}",0.128311
11,inflow_chain_area,mae,"{""issue"":""may"",""target"":""september_monthly_mean""}",0.656118
11,inflow_chain_area,mae_ratio,"{""h"":10}",0.906063
11,inflow_chain_area,mae_ratio,"{""h"":11}",0.991243
11,inflow_chain_area,mae_ratio,"{""h"":12}",1.039293
11,inflow_chain_area,mae_ratio,"{""h"":13}",1.058849
11,inflow_chain_area,mae_ratio,"{""h"":14}",1.038041
11,inflow_chain_area,mae_ratio,"{""h"":15}",1.008165
11,inflow_chain_area,mae_ratio,"{""h"":16}",0.987287
11,inflow_chain_area,mae_ratio,"{""h"":17}",0.978174
11,inflow_chain_area,mae_ratio,"{""h"":18}",0.988352
11,inflow_chain_area,mae_ratio,"{""h"":19}",1.017944
11,inflow_chain_area,mae_ratio,"{""h"":1}",0.449199
11,inflow_chain_area,mae_ratio,"{""h"":20}",1.063758
11,inflow_chain_area,mae_ratio,"{""h"":21}",1.126257
11,inflow_chain_area,mae_ratio,"{""h"":22}",1.201094
11,inflow_chain_area,mae_ratio,"{""h"":23}",1.262712
11,inflow_chain_area,mae_ratio,"{""h"":24}",1.312215
11,inflow_chain_area,mae_ratio,"{""h"":2}",0.413995
11,inflow_chain_area,mae_ratio,"{""h"":3}",0.41679
11,inflow_chain_area,mae_ratio,"{""h"":4}",0.428282
11,inflow_chain_area,mae_ratio,"{""h"":5}",0.464018
11,inflow_chain_area,mae_ratio,"{""h"":6}",0.516317
11,inflow_chain_area,mae_ratio,"{""h"":7}",0.585965
11,inflow_chain_area,mae_ratio,"{""h"":8}",0.674485
11,inflow_chain_area,mae_ratio,"{""h"":9}",0.789763
11,inflow_chain_area,n,"{""issue"":""apr"",""target"":""apr_jun_monthly_mean_max""}",13.0
11,inflow_chain_area,n,"{""issue"":""apr"",""target"":""september_monthly_mean""}",13.0
11,inflow_chain_area,n,"{""issue"":""aug"",""target"":""september_monthly_mean""}",13.0
11,inflow_chain_area,n,"{""issue"":""feb"",""target"":""apr_jun_monthly_mean_max""}",13.0
11,inflow_chain_area,n,"{""issue"":""feb"",""target"":""september_monthly_mean""}",13.0
11,inflow_chain_area,n,"{""issue"":""jan"",""target"":""apr_jun_monthly_mean_max""}",13.0
11,inflow_chain_area,n,"{""issue"":""jan"",""target"":""september_monthly_mean""}",13.0
11,inflow_chain_area,n,"{""issue"":""jul"",""target"":""september_monthly_mean""}",13.0
11,inflow_chain_area,n,"{""issue"":""jun"",""target"":""september_monthly_mean""}",13.0
11,inflow_chain_area,n,"{""issue"":""mar"",""target"":""apr_jun_monthly_mean_max""}",13.0
11,inflow_chain_area,n,"{""issue"":""mar"",""target"":""september_monthly_mean""}",13.0
11,inflow_chain_area,n,"{""issue"":""may"",""target"":""apr_jun_monthly_mean_max""}",13.0
11,inflow_chain_area,n,"{""issue"":""may"",""target"":""september_monthly_mean""}",13.0
11,inflow_chain_area,rmse,"{""h"":10}",1.306239
11,inflow_chain_area,rmse,"{""h"":11}",1.420543
11,inflow_chain_area,rmse,"{""h"":12}",1.538437
11,inflow_chain_area,rmse,"{""h"":13}",1.659959
11,inflow_chain_area,rmse,"{""h"":14}",1.779534
11,inflow_chain_area,rmse,"{""h"":15}",1.891624
11,inflow_chain_area,rmse,"{""h"":16}",1.999521
11,inflow_chain_area,rmse,"{""h"":17}",2.100409
11,inflow_chain_area,rmse,"{""h"":18}",2.19602
11,inflow_chain_area,rmse,"{""h"":19}",2.289375
11,inflow_chain_area,rmse,"{""h"":1}",0.193383
11,inflow_chain_area,rmse,"{""h"":20}",2.381481
11,inflow_chain_area,rmse,"{""h"":21}",2.478346
11,inflow_chain_area,rmse,"{""h"":22}",2.574353
11,inflow_chain_area,rmse,"{""h"":23}",2.669038
11,inflow_chain_area,rmse,"{""h"":24}",2.756721
11,inflow_chain_area,rmse,"{""h"":2}",0.340136
11,inflow_chain_area,rmse,"{""h"":3}",0.468825
11,inflow_chain_area,rmse,"{""h"":4}",0.595558
11,inflow_chain_area,rmse,"{""h"":5}",0.717177
11,inflow_chain_area,rmse,"{""h"":6}",0.838671
11,inflow_chain_area,rmse,"{""h"":7}",0.955391
11,inflow_chain_area,rmse,"{""h"":8}",1.06865
11,inflow_chain_area,rmse,"{""h"":9}",1.190211
12,ma_simple_12,cov90,"{""h"":10}",0.859873
12,ma_simple_12,cov90,"{""h"":11}",0.859873
12,ma_simple_12,cov90,"{""h"":12}",0.859873
12,ma_simple_12,cov90,"{""h"":13}",0.847134
12,ma_simple_12,cov90,"{""h"":14}",0.840764
12,ma_simple_12,cov90,"{""h"":15}",0.853503
12,ma_simple_12,cov90,"{""h"":16}",0.859873
12,ma_simple_12,cov90,"{""h"":17}",0.853503
12,ma_simple_12,cov90,"{""h"":18}",0.834395
12,ma_simple_12,cov90,"{""h"":19}",0.834395
12,ma_simple_12,cov90,"{""h"":1}",0.88535
12,ma_simple_12,cov90,"{""h"":20}",0.840764
12,ma_simple_12,cov90,"{""h"":21}",0.834395
12,ma_simple_12,cov90,"{""h"":22}",0.840764
12,ma_simple_12,cov90,"{""h"":23}",0.821656
12,ma_simple_12,cov90,"{""h"":24}",0.815287
12,ma_simple_12,cov90,"{""h"":2}",0.878981
12,ma_simple_12,cov90,"{""h"":3}",0.872611
12,ma_simple_12,cov90,"{""h"":4}",0.872611
12,ma_simple_12,cov90,"{""h"":5}",0.859873
12,ma_simple_12,cov90,"{""h"":6}",0.834395
12,ma_simple_12,cov90,"{""h"":7}",0.834395
12,ma_simple_12,cov90,"{""h"":8}",0.840764
12,ma_simple_12,cov90,"{""h"":9}",0.853503
12,ma_simple_12,mean_pinball_loss,"{""h"":10}",0.456026
12,ma_simple_12,mean_pinball_loss,"{""h"":11}",0.466566
12,ma_simple_12,mean_pinball_loss,"{""h"":12}",0.481705
12,ma_simple_12,mean_pinball_loss,"{""h"":13}",0.493402
12,ma_simple_12,mean_pinball_loss,"{""h"":14}",0.515114
12,ma_simple_12,mean_pinball_loss,"{""h"":15}",0.523581
12,ma_simple_12,mean_pinball_loss,"{""h"":16}",0.527373
12,ma_simple_12,mean_pinball_loss,"{""h"":17}",0.538901
12,ma_simple_12,mean_pinball_loss,"{""h"":18}",0.546795
12,ma_simple_12,mean_pinball_loss,"{""h"":19}",0.556454
12,ma_simple_12,mean_pinball_loss,"{""h"":1}",0.28422
12,ma_simple_12,mean_pinball_loss,"{""h"":20}",0.55445
12,ma_simple_12,mean_pinball_loss,"{""h"":21}",0.566659
12,ma_simple_12,mean_pinball_loss,"{""h"":22}",0.576019
12,ma_simple_12,mean_pinball_loss,"{""h"":23}",0.582769
12,ma_simple_12,mean_pinball_loss,"{""h"":24}",0.582796
12,ma_simple_12,mean_pinball_loss,"{""h"":2}",0.31368
12,ma_simple_12,mean_pinball_loss,"{""h"":3}",0.337572
12,ma_simple_12,mean_pinball_loss,"{""h"":4}",0.356104
12,ma_simple_12,mean_pinball_loss,"{""h"":5}",0.378425
12,ma_simple_12,mean_pinball_loss,"{""h"":6}",0.400954
12,ma_simple_12,mean_pinball_loss,"{""h"":7}",0.416074
12,ma_simple_12,mean_pinball_loss,"{""h"":8}",0.42687
12,ma_simple_12,mean_pinball_loss,"{""h"":9}",0.439211
12,ma_simple_12,mae,"{""h"":10}",1.473581
12,ma_simple_12,mae,"{""h"":11}",1.507475
12,ma_simple_12,mae,"{""h"":12}",1.55327
12,ma_simple_12,mae,"{""h"":13}",1.596956
12,ma_simple_12,mae,"{""h"":14}",1.639214
12,ma_simple_12,mae,"{""h"":15}",1.680341
12,ma_simple_12,mae,"{""h"":16}",1.72172
12,ma_simple_12,mae,"{""h"":17}",1.759064
12,ma_simple_12,mae,"{""h"":18}",1.787054
12,ma_simple_12,mae,"{""h"":19}",1.809477
12,ma_simple_12,mae,"{""h"":1}",0.907322
12,ma_simple_12,mae,"{""h"":20}",1.82309
12,ma_simple_12,mae,"{""h"":21}",1.829745
12,ma_simple_12,mae,"{""h"":22}",1.837539
12,ma_simple_12,mae,"{""h"":23}",1.845526
12,ma_simple_12,mae,"{""h"":24}",1.855454
12,ma_simple_12,mae,"{""h"":2}",1.001186
12,ma_simple_12,mae,"{""h"":3}",1.095055
12,ma_simple_12,mae,"{""h"":4}",1.185491
12,ma_simple_12,mae,"{""h"":5}",1.262507
12,ma_simple_12,mae,"{""h"":6}",1.325174
12,ma_simple_12,mae,"{""h"":7}",1.373541
12,ma_simple_12,mae,"{""h"":8}",1.412429
12,ma_simple_12,mae,"{""h"":9}",1.443394
12,ma_simple_12,mae,"{""issue"":""apr"",""target"":""apr_jun_monthly_mean_max""}",1.072811
12,ma_simple_12,mae,"{""issue"":""apr"",""target"":""september_monthly_mean""}",1.434386
12,ma_simple_12,mae,"{""issue"":""aug"",""target"":""september_monthly_mean""}",1.172657
12,ma_simple_12,mae,"{""issue"":""feb"",""target"":""apr_jun_monthly_mean_max""}",1.232937
12,ma_simple_12,mae,"{""issue"":""feb"",""target"":""september_monthly_mean""}",1.481532
12,ma_simple_12,mae,"{""issue"":""jan"",""target"":""apr_jun_monthly_mean_max""}",1.30522
12,ma_simple_12,mae,"{""issue"":""jan"",""target"":""september_monthly_mean""}",1.510723
12,ma_simple_12,mae,"{""issue"":""jul"",""target"":""september_monthly_mean""}",1.268824
12,ma_simple_12,mae,"{""issue"":""jun"",""target"":""september_monthly_mean""}",1.352222
12,ma_simple_12,mae,"{""issue"":""mar"",""target"":""apr_jun_monthly_mean_max""}",1.151676
12,ma_simple_12,mae,"{""issue"":""mar"",""target"":""september_monthly_mean""}",1.444861
12,ma_simple_12,mae,"{""issue"":""may"",""target"":""apr_jun_monthly_mean_max""}",0.30761
12,ma_simple_12,mae,"{""issue"":""may"",""target"":""september_monthly_mean""}",1.407409
12,ma_simple_12,mae_ratio,"{""h"":10}",1.202188
12,ma_simple_12,mae_ratio,"{""h"":11}",1.221429
12,ma_simple_12,mae_ratio,"{""h"":12}",1.208783
12,ma_simple_12,mae_ratio,"{""h"":13}",1.168582
12,ma_simple_12,mae_ratio,"{""h"":14}",1.09517
12,ma_simple_12,mae_ratio,"{""h"":15}",1.028756
12,ma_simple_12,mae_ratio,"{""h"":16}",0.979164
12,ma_simple_12,mae_ratio,"{""h"":17}",0.947829
12,ma_simple_12,mae_ratio,"{""h"":18}",0.935259
12,ma_simple_12,mae_ratio,"{""h"":19}",0.936366
12,ma_simple_12,mae_ratio,"{""h"":1}",2.704743
12,ma_simple_12,mae_ratio,"{""h"":20}",0.95302
12,ma_simple_12,mae_ratio,"{""h"":21}",0.976385
12,ma_simple_12,mae_ratio,"{""h"":22}",1.006622
12,ma_simple_12,mae_ratio,"{""h"":23}",1.023491
12,ma_simple_12,mae_ratio,"{""h"":24}",1.034585
12,ma_simple_12,mae_ratio,"{""h"":2}",1.572018
12,ma_simple_12,mae_ratio,"{""h"":3}",1.217453
12,ma_simple_12,mae_ratio,"{""h"":4}",1.06821
12,ma_simple_12,mae_ratio,"{""h"":5}",1.006307
12,ma_simple_12,mae_ratio,"{""h"":6}",0.995855
12,ma_simple_12,mae_ratio,"{""h"":7}",1.021731
12,ma_simple_12,mae_ratio,"{""h"":8}",1.076981
12,ma_simple_12,mae_ratio,"{""h"":9}",1.148928
12,ma_simple_12,n,"{""issue"":""apr"",""target"":""apr_jun_monthly_mean_max""}",13.0
12,ma_simple_12,n,"{""issue"":""apr"",""target"":""september_monthly_mean""}",13.0
12,ma_simple_12,n,"{""issue"":""aug"",""target"":""september_monthly_mean""}",13.0
12,ma_simple_12,n,"{""issue"":""feb"",""target"":""apr_jun_monthly_mean_max""}",13.0
12,ma_simple_12,n,"{""issue"":""feb"",""target"":""september_monthly_mean""}",13.0
12,ma_simple_12,n,"{""issue"":""jan"",""target"":""apr_jun_monthly_mean_max""}",13.0
12,ma_simple_12,n,"{""issue"":""jan"",""target"":""september_monthly_mean""}",13.0
12,ma_simple_12,n,"{""issue"":""jul"",""target"":""september_monthly_mean""}",13.0
12,ma_simple_12,n,"{""issue"":""jun"",""target"":""september_monthly_mean""}",13.0
12,ma_simple_12,n,"{""issue"":""mar"",""target"":""apr_jun_monthly_mean_max""}",13.0
12,ma_simple_12,n,"{""issue"":""mar"",""target"":""september_monthly_mean""}",13.0
12,ma_simple_12,n,"{""issue"":""may"",""target"":""apr_jun_monthly_mean_max""}",13.0
12,ma_simple_12,n,"{""issue"":""may"",""target"":""september_monthly_mean""}",13.0
12,ma_simple_12,rmse,"{""h"":10}",1.755658
12,ma_simple_12,rmse,"{""h"":11}",1.805543
12,ma_simple_12,rmse,"{""h"":12}",1.859845
12,ma_simple_12,rmse,"{""h"":13}",1.916249
12,ma_simple_12,rmse,"{""h"":14}",1.970103
12,ma_simple_12,rmse,"{""h"":15}",2.019518
12,ma_simple_12,rmse,"{""h"":16}",2.063421
12,ma_simple_12,rmse,"{""h"":17}",2.100928
12,ma_simple_12,rmse,"{""h"":18}",2.133252
12,ma_simple_12,rmse,"{""h"":19}",2.159977
12,ma_simple_12,rmse,"{""h"":1}",1.118838
12,ma_simple_12,rmse,"{""h"":20}",2.182124
12,ma_simple_12,rmse,"{""h"":21}",2.201568
12,ma_simple_12,rmse,"{""h"":22}",2.221263
12,ma_simple_12,rmse,"{""h"":23}",2.243303
12,ma_simple_12,rmse,"{""h"":24}",2.267999
12,ma_simple_12,rmse,"{""h"":2}",1.215289
12,ma_simple_12,rmse,"{""h"":3}",1.309345
12,ma_simple_12,rmse,"{""h"":4}",1.39623
12,ma_simple_12,rmse,"{""h"":5}",1.474806
12,ma_simple_12,rmse,"{""h"":6}",1.545486
12,ma_simple_12,rmse,"{""h"":7}",1.605784
12,ma_simple_12,rmse,"{""h"":8}",1.659913
12,ma_simple_12,rmse,"{""h"":9}",1.708809
13,ma_simple_3,cov90,"{""h"":10}",0.872611
13,ma_simple_3,cov90,"{""h"":11}",0.847134
13,ma_simple_3,cov90,"{""h"":12}",0.847134
13,ma_simple_3,cov90,"{""h"":13}",0.840764
13,ma_simple_3,cov90,"{""h"":14}",0.872611
13,ma_simple_3,cov90,"{""h"":15}",0.88535
13,ma_simple_3,cov90,"{""h"":16}",0.866242
13,ma_simple_3,cov90,"{""h"":17}",0.872611
13,ma_simple_3,cov90,"{""h"":18}",0.872611
13,ma_simple_3,cov90,"{""h"":19}",0.859873
13,ma_simple_3,cov90,"{""h"":1}",0.89172
13,ma_simple_3,cov90,"{""h"":20}",0.866242
13,ma_simple_3,cov90,"{""h"":21}",0.878981
13,ma_simple_3,cov90,"{""h"":22}",0.859873
13,ma_simple_3,cov90,"{""h"":23}",0.840764
13,ma_simple_3,cov90,"{""h"":24}",0.834395
13,ma_simple_3,cov90,"{""h"":2}",0.872611
13,ma_simple_3,cov90,"{""h"":3}",0.88535
13,ma_simple_3,cov90,"{""h"":4}",0.88535
13,ma_simple_3,cov90,"{""h"":5}",0.89172
13,ma_simple_3,cov90,"{""h"":6}",0.88535
13,ma_simple_3,cov90,"{""h"":7}",0.866242
13,ma_simple_3,cov90,"{""h"":8}",0.88535
13,ma_simple_3,cov90,"{""h"":9}",0.878981
13,ma_simple_3,mean_pinball_loss,"{""h"":10}",0.369609
13,ma_simple_3,mean_pinball_loss,"{""h"":11}",0.388219
13,ma_simple_3,mean_pinball_loss,"{""h"":12}",0.410114
13,ma_simple_3,mean_pinball_loss,"{""h"":13}",0.449505
13,ma_simple_3,mean_pinball_loss,"{""h"":14}",0.486408
13,ma_simple_3,mean_pinball_loss,"{""h"":15}",0.523363
13,ma_simple_3,mean_pinball_loss,"{""h"":16}",0.554865
13,ma_simple_3,mean_pinball_loss,"{""h"":17}",0.572973
13,ma_simple_3,mean_pinball_loss,"{""h"":18}",0.573962
13,ma_simple_3,mean_pinball_loss,"{""h"":19}",0.565221
13,ma_simple_3,mean_pinball_loss,"{""h"":1}",0.185646
13,ma_simple_3,mean_pinball_loss,"{""h"":20}",0.558909
13,ma_simple_3,mean_pinball_loss,"{""h"":21}",0.560778
13,ma_simple_3,mean_pinball_loss,"{""h"":22}",0.556064
13,ma_simple_3,mean_pinball_loss,"{""h"":23}",0.576657
13,ma_simple_3,mean_pinball_loss,"{""h"":24}",0.56978
13,ma_simple_3,mean_pinball_loss,"{""h"":2}",0.258778
13,ma_simple_3,mean_pinball_loss,"{""h"":3}",0.320563
13,ma_simple_3,mean_pinball_loss,"{""h"":4}",0.363477
13,ma_simple_3,mean_pinball_loss,"{""h"":5}",0.383002
13,ma_simple_3,mean_pinball_loss,"{""h"":6}",0.398454
13,ma_simple_3,mean_pinball_loss,"{""h"":7}",0.388868
13,ma_simple_3,mean_pinball_loss,"{""h"":8}",0.371439
13,ma_simple_3,mean_pinball_loss,"{""h"":9}",0.359022
13,ma_simple_3,mae,"{""h"":10}",1.221467
13,ma_simple_3,mae,"{""h"":11}",1.274647
13,ma_simple_3,mae,"{""h"":12}",1.355964
13,ma_simple_3,mae,"{""h"":13}",1.479926
13,ma_simple_3,mae,"{""h"":14}",1.613877
13,ma_simple_3,mae,"{""h"":15}",1.734297
13,ma_simple_3,mae,"{""h"":16}",1.827229
13,ma_simple_3,mae,"{""h"":17}",1.882554
13,ma_simple_3,mae,"{""h"":18}",1.907121
13,ma_simple_3,mae,"{""h"":19}",1.887216
13,ma_simple_3,mae,"{""h"":1}",0.608447
13,ma_simple_3,mae,"{""h"":20}",1.854857
13,ma_simple_3,mae,"{""h"":21}",1.811968
13,ma_simple_3,mae,"{""h"":22}",1.790611
13,ma_simple_3,mae,"{""h"":23}",1.781874
13,ma_simple_3,mae,"{""h"":24}",1.84146
13,ma_simple_3,mae,"{""h"":2}",0.86002
13,ma_simple_3,mae,"{""h"":3}",1.061976
13,ma_simple_3,mae,"{""h"":4}",1.201649
13,ma_simple_3,mae,"{""h"":5}",1.27824
13,ma_simple_3,mae,"{""h"":6}",1.293881
13,ma_simple_3,mae,"{""h"":7}",1.266546
13,ma_simple_3,mae,"{""h"":8}",1.231477
13,ma_simple_3,mae,"{""h"":9}",1.209783
13,ma_simple_3,mae,"{""issue"":""apr"",""target"":""apr_jun_monthly_mean_max""}",1.011932
13,ma_simple_3,mae,"{""issue"":""apr"",""target"":""september_monthly_mean""}",1.388948
13,ma_simple_3,mae,"{""issue"":""aug"",""target"":""september_monthly_mean""}",1.479719
13,ma_simple_3,mae,"{""issue"":""feb"",""target"":""apr_jun_monthly_mean_max""}",1.591473
13,ma_simple_3,mae,"{""issue"":""feb"",""target"":""september_monthly_mean""}",1.233614
13,ma_simple_3,mae,"{""issue"":""jan"",""target"":""apr_jun_monthly_mean_max""}",1.7104
13,ma_simple_3,mae,"{""issue"":""jan"",""target"":""september_monthly_mean""}",1.196253
13,ma_simple_3,mae,"{""issue"":""jul"",""target"":""september_monthly_mean""}",1.680532
13,ma_simple_3,mae,"{""issue"":""jun"",""target"":""september_monthly_mean""}",1.644279
13,ma_simple_3,mae,"{""issue"":""mar"",""target"":""apr_jun_monthly_mean_max""}",1.348054
13,ma_simple_3,mae,"{""issue"":""mar"",""target"":""september_monthly_mean""}",1.302447
13,ma_simple_3,mae,"{""issue"":""may"",""target"":""apr_jun_monthly_mean_max""}",0.288627
13,ma_simple_3,mae,"{""issue"":""may"",""target"":""september_monthly_mean""}",1.513338
13,ma_simple_3,mae_ratio,"{""h"":10}",0.996506
13,ma_simple_3,mae_ratio,"{""h"":11}",1.03278
13,ma_simple_3,mae_ratio,"{""h"":12}",1.055236
13,ma_simple_3,mae_ratio,"{""h"":13}",1.082945
13,ma_simple_3,mae_ratio,"{""h"":14}",1.078243
13,ma_simple_3,mae_ratio,"{""h"":15}",1.061789
13,ma_simple_3,mae_ratio,"{""h"":16}",1.039168
13,ma_simple_3,mae_ratio,"{""h"":17}",1.014368
13,ma_simple_3,mae_ratio,"{""h"":18}",0.998096
13,ma_simple_3,mae_ratio,"{""h"":19}",0.976595
13,ma_simple_3,mae_ratio,"{""h"":1}",1.813791
13,ma_simple_3,mae_ratio,"{""h"":20}",0.969626
13,ma_simple_3,mae_ratio,"{""h"":21}",0.966899
13,ma_simple_3,mae_ratio,"{""h"":22}",0.980914
13,ma_simple_3,mae_ratio,"{""h"":23}",0.988191
13,ma_simple_3,mae_ratio,"{""h"":24}",1.026782
13,ma_simple_3,mae_ratio,"{""h"":2}",1.350366
13,ma_simple_3,mae_ratio,"{""h"":3}",1.180677
13,ma_simple_3,mae_ratio,"{""h"":4}",1.08277
13,ma_simple_3,mae_ratio,"{""h"":5}",1.018847
13,ma_simple_3,mae_ratio,"{""h"":6}",0.972339
13,ma_simple_3,mae_ratio,"{""h"":7}",0.942141
13,ma_simple_3,mae_ratio,"{""h"":8}",0.939004
13,ma_simple_3,mae_ratio,"{""h"":9}",0.962976
13,ma_simple_3,n,"{""issue"":""apr"",""target"":""apr_jun_monthly_mean_max""}",13.0
13,ma_simple_3,n,"{""issue"":""apr"",""target"":""september_monthly_mean""}",13.0
13,ma_simple_3,n,"{""issue"":""aug"",""target"":""september_monthly_mean""}",13.0
13,ma_simple_3,n,"{""issue"":""feb"",""target"":""apr_jun_monthly_mean_max""}",13.0
13,ma_simple_3,n,"{""issue"":""feb"",""target"":""september_monthly_mean""}",13.0
13,ma_simple_3,n,"{""issue"":""jan"",""target"":""apr_jun_monthly_mean_max""}",13.0
13,ma_simple_3,n,"{""issue"":""jan"",""target"":""september_monthly_mean""}",13.0
13,ma_simple_3,n,"{""issue"":""jul"",""target"":""september_monthly_mean""}",13.0
13,ma_simple_3,n,"{""issue"":""jun"",""target"":""september_monthly_mean""}",13.0
13,ma_simple_3,n,"{""issue"":""mar"",""target"":""apr_jun_monthly_mean_max""}",13.0
13,ma_simple_3,n,"{""issue"":""mar"",""target"":""september_monthly_mean""}",13.0
13,ma_simple_3,n,"{""issue"":""may"",""target"":""apr_jun_monthly_mean_max""}",13.0
13,ma_simple_3,n,"{""issue"":""may"",""target"":""september_monthly_mean""}",13.0
13,ma_simple_3,rmse,"{""h"":10}",1.445521
13,ma_simple_3,rmse,"{""h"":11}",1.492695
13,ma_simple_3,rmse,"{""h"":12}",1.609726
13,ma_simple_3,rmse,"{""h"":13}",1.771192
13,ma_simple_3,rmse,"{""h"":14}",1.940133
13,ma_simple_3,rmse,"{""h"":15}",2.087809
13,ma_simple_3,rmse,"{""h"":16}",2.198593
13,ma_simple_3,rmse,"{""h"":17}",2.263654
13,ma_simple_3,rmse,"{""h"":18}",2.283286
13,ma_simple_3,rmse,"{""h"":19}",2.263862
13,ma_simple_3,rmse,"{""h"":1}",0.743135
13,ma_simple_3,rmse,"{""h"":20}",2.221536
13,ma_simple_3,rmse,"{""h"":21}",2.177512
13,ma_simple_3,rmse,"{""h"":22}",2.155342
13,ma_simple_3,rmse,"{""h"":23}",2.173376
13,ma_simple_3,rmse,"{""h"":24}",2.23607
13,ma_simple_3,rmse,"{""h"":2}",1.045347
13,ma_simple_3,rmse,"{""h"":3}",1.28478
13,ma_simple_3,rmse,"{""h"":4}",1.454492
13,ma_simple_3,rmse,"{""h"":5}",1.55421
13,ma_simple_3,rmse,"{""h"":6}",1.589441
13,ma_simple_3,rmse,"{""h"":7}",1.570896
13,ma_simple_3,rmse,"{""h"":8}",1.518952
13,ma_simple_3,rmse,"{""h"":9}",1.46461
14,ma_simple_6,cov90,"{""h"":10}",0.847134
14,ma_simple_6,cov90,"{""h"":11}",0.847134
14,ma_simple_6,cov90,"{""h"":12}",0.853503
14,ma_simple_6,cov90,"{""h"":13}",0.859873
14,ma_simple_6,cov90,"{""h"":14}",0.866242
14,ma_simple_6,cov90,"{""h"":15}",0.859873
14,ma_simple_6,cov90,"{""h"":16}",0.853503
14,ma_simple_6,cov90,"{""h"":17}",0.853503
14,ma_simple_6,cov90,"{""h"":18}",0.847134
14,ma_simple_6,cov90,"{""h"":19}",0.866242
14,ma_simple_6,cov90,"{""h"":1}",0.878981
14,ma_simple_6,cov90,"{""h"":20}",0.88535
14,ma_simple_6,cov90,"{""h"":21}",0.853503
14,ma_simple_6,cov90,"{""h"":22}",0.834395
14,ma_simple_6,cov90,"{""h"":23}",0.828025
14,ma_simple_6,cov90,"{""h"":24}",0.828025
14,ma_simple_6,cov90,"{""h"":2}",0.88535
14,ma_simple_6,cov90,"{""h"":3}",0.878981
14,ma_simple_6,cov90,"{""h"":4}",0.898089
14,ma_simple_6,cov90,"{""h"":5}",0.88535
14,ma_simple_6,cov90,"{""h"":6}",0.866242
14,ma_simple_6,cov90,"{""h"":7}",0.872611
14,ma_simple_6,cov90,"{""h"":8}",0.853503
14,ma_simple_6,cov90,"{""h"":9}",0.853503
14,ma_simple_6,mean_pinball_loss,"{""h"":10}",0.392555
14,ma_simple_6,mean_pinball_loss,"{""h"":11}",0.420738
14,ma_simple_6,mean_pinball_loss,"{""h"":12}",0.444088
14,ma_simple_6,mean_pinball_loss,"{""h"":13}",0.48371
14,ma_simple_6,mean_pinball_loss,"{""h"":14}",0.508036
14,ma_simple_6,mean_pinball_loss,"{""h"":15}",0.533612
14,ma_simple_6,mean_pinball_loss,"{""h"":16}",0.548404
14,ma_simple_6,mean_pinball_loss,"{""h"":17}",0.545076
14,ma_simple_6,mean_pinball_loss,"{""h"":18}",0.541519
14,ma_simple_6,mean_pinball_loss,"{""h"":19}",0.540829
14,ma_simple_6,mean_pinball_loss,"{""h"":1}",0.25454
14,ma_simple_6,mean_pinball_loss,"{""h"":20}",0.547188
14,ma_simple_6,mean_pinball_loss,"{""h"":21}",0.568923
14,ma_simple_6,mean_pinball_loss,"{""h"":22}",0.568721
14,ma_simple_6,mean_pinball_loss,"{""h"":23}",0.567581
14,ma_simple_6,mean_pinball_loss,"{""h"":24}",0.584974
14,ma_simple_6,mean_pinball_loss,"{""h"":2}",0.302582
14,ma_simple_6,mean_pinball_loss,"{""h"":3}",0.335082
14,ma_simple_6,mean_pinball_loss,"{""h"":4}",0.34898
14,ma_simple_6,mean_pinball_loss,"{""h"":5}",0.362507
14,ma_simple_6,mean_pinball_loss,"{""h"":6}",0.3569
14,ma_simple_6,mean_pinball_loss,"{""h"":7}",0.352597
14,ma_simple_6,mean_pinball_loss,"{""h"":8}",0.357943
14,ma_simple_6,mean_pinball_loss,"{""h"":9}",0.372367
14,ma_simple_6,mae,"{""h"":10}",1.298635
14,ma_simple_6,mae,"{""h"":11}",1.372862
14,ma_simple_6,mae,"{""h"":12}",1.481772
14,ma_simple_6,mae,"{""h"":13}",1.592776
14,ma_simple_6,mae,"{""h"":14}",1.688692
14,ma_simple_6,mae,"{""h"":15}",1.759051
14,ma_simple_6,mae,"{""h"":16}",1.800178
14,ma_simple_6,mae,"{""h"":17}",1.812158
14,ma_simple_6,mae,"{""h"":18}",1.807559
14,ma_simple_6,mae,"{""h"":19}",1.789093
14,ma_simple_6,mae,"{""h"":1}",0.836334
14,ma_simple_6,mae,"{""h"":20}",1.768054
14,ma_simple_6,mae,"{""h"":21}",1.759536
14,ma_simple_6,mae,"{""h"":22}",1.77838
14,ma_simple_6,mae,"{""h"":23}",1.843707
14,ma_simple_6,mae,"{""h"":24}",1.919794
14,ma_simple_6,mae,"{""h"":2}",0.981322
14,ma_simple_6,mae,"{""h"":3}",1.086967
14,ma_simple_6,mae,"{""h"":4}",1.139636
14,ma_simple_6,mae,"{""h"":5}",1.162276
14,ma_simple_6,mae,"{""h"":6}",1.173732
14,ma_simple_6,mae,"{""h"":7}",1.185889
14,ma_simple_6,mae,"{""h"":8}",1.203639
14,ma_simple_6,mae,"{""h"":9}",1.243953
14,ma_simple_6,mae,"{""issue"":""apr"",""target"":""apr_jun_monthly_mean_max""}",1.361166
14,ma_simple_6,mae,"{""issue"":""apr"",""target"":""september_monthly_mean""}",1.262759
14,ma_simple_6,mae,"{""issue"":""aug"",""target"":""september_monthly_mean""}",1.407437
14,ma_simple_6,mae,"{""issue"":""feb"",""target"":""apr_jun_monthly_mean_max""}",1.535843
14,ma_simple_6,mae,"{""issue"":""feb"",""target"":""september_monthly_mean""}",1.243014
14,ma_simple_6,mae,"{""issue"":""jan"",""target"":""apr_jun_monthly_mean_max""}",1.397413
14,ma_simple_6,mae,"{""issue"":""jan"",""target"":""september_monthly_mean""}",1.287161
14,ma_simple_6,mae,"{""issue"":""jul"",""target"":""september_monthly_mean""}",1.421962
14,ma_simple_6,mae,"{""issue"":""jun"",""target"":""september_monthly_mean""}",1.331676
14,ma_simple_6,mae,"{""issue"":""mar"",""target"":""apr_jun_monthly_mean_max""}",1.520066
14,ma_simple_6,mae,"{""issue"":""mar"",""target"":""september_monthly_mean""}",1.236589
14,ma_simple_6,mae,"{""issue"":""may"",""target"":""apr_jun_monthly_mean_max""}",0.289049
14,ma_simple_6,mae,"{""issue"":""may"",""target"":""september_monthly_mean""}",1.303915
14,ma_simple_6,mae_ratio,"{""h"":10}",1.059462
14,ma_simple_6,mae_ratio,"{""h"":11}",1.112359
14,ma_simple_6,mae_ratio,"{""h"":12}",1.153141
14,ma_simple_6,mae_ratio,"{""h"":13}",1.165523
14,ma_simple_6,mae_ratio,"{""h"":14}",1.128227
14,ma_simple_6,mae_ratio,"{""h"":15}",1.076944
14,ma_simple_6,mae_ratio,"{""h"":16}",1.023785
14,ma_simple_6,mae_ratio,"{""h"":17}",0.976437
14,ma_simple_6,mae_ratio,"{""h"":18}",0.94599
14,ma_simple_6,mae_ratio,"{""h"":19}",0.925819
14,ma_simple_6,mae_ratio,"{""h"":1}",2.493126
14,ma_simple_6,mae_ratio,"{""h"":20}",0.92425
14,ma_simple_6,mae_ratio,"{""h"":21}",0.938921
14,ma_simple_6,mae_ratio,"{""h"":22}",0.974214
14,ma_simple_6,mae_ratio,"{""h"":23}",1.022482
14,ma_simple_6,mae_ratio,"{""h"":24}",1.07046
14,ma_simple_6,mae_ratio,"{""h"":2}",1.540829
14,ma_simple_6,mae_ratio,"{""h"":3}",1.208461
14,ma_simple_6,mae_ratio,"{""h"":4}",1.026892
14,ma_simple_6,mae_ratio,"{""h"":5}",0.926415
14,ma_simple_6,mae_ratio,"{""h"":6}",0.882048
14,ma_simple_6,mae_ratio,"{""h"":7}",0.882143
14,ma_simple_6,mae_ratio,"{""h"":8}",0.917778
14,ma_simple_6,mae_ratio,"{""h"":9}",0.990175
14,ma_simple_6,n,"{""issue"":""apr"",""target"":""apr_jun_monthly_mean_max""}",13.0
14,ma_simple_6,n,"{""issue"":""apr"",""target"":""september_monthly_mean""}",13.0
14,ma_simple_6,n,"{""issue"":""aug"",""target"":""september_monthly_mean""}",13.0
14,ma_simple_6,n,"{""issue"":""feb"",""target"":""apr_jun_monthly_mean_max""}",13.0
14,ma_simple_6,n,"{""issue"":""feb"",""target"":""september_monthly_mean""}",13.0
14,ma_simple_6,n,"{""issue"":""jan"",""target"":""apr_jun_monthly_mean_max""}",13.0
14,ma_simple_6,n,"{""issue"":""jan"",""target"":""september_monthly_mean""}",13.0
14,ma_simple_6,n,"{""issue"":""jul"",""target"":""september_monthly_mean""}",13.0
14,ma_simple_6,n,"{""issue"":""jun"",""target"":""september_monthly_mean""}",13.0
14,ma_simple_6,n,"{""issue"":""mar"",""target"":""apr_jun_monthly_mean_max""}",13.0
14,ma_simple_6,n,"{""issue"":""mar"",""target"":""september_monthly_mean""}",13.0
14,ma_simple_6,n,"{""issue"":""may"",""target"":""apr_jun_monthly_mean_max""}",13.0
14,ma_simple_6,n,"{""issue"":""may"",""target"":""september_monthly_mean""}",13.0
14,ma_simple_6,rmse,"{""h"":10}",1.52095
14,ma_simple_6,rmse,"{""h"":11}",1.634755
14,ma_simple_6,rmse,"{""h"":12}",1.773194
14,ma_simple_6,rmse,"{""h"":13}",1.912666
14,ma_simple_6,rmse,"{""h"":14}",2.031029
14,ma_simple_6,rmse,"{""h"":15}",2.115889
14,ma_simple_6,rmse,"{""h"":16}",2.163792
14,ma_simple_6,rmse,"{""h"":17}",2.176838
14,ma_simple_6,rmse,"{""h"":18}",2.16534
14,ma_simple_6,rmse,"{""h"":19}",2.142283
14,ma_simple_6,rmse,"{""h"":1}",1.024641
14,ma_simple_6,rmse,"{""h"":20}",2.124983
14,ma_simple_6,rmse,"{""h"":21}",2.128539
14,ma_simple_6,rmse,"{""h"":22}",2.162069
14,ma_simple_6,rmse,"{""h"":23}",2.225353
14,ma_simple_6,rmse,"{""h"":24}",2.308091
14,ma_simple_6,rmse,"{""h"":2}",1.21355
14,ma_simple_6,rmse,"{""h"":3}",1.347745
14,ma_simple_6,rmse,"{""h"":4}",1.425545
14,ma_simple_6,rmse,"{""h"":5}",1.454365
14,ma_simple_6,rmse,"{""h"":6}",1.45003
14,ma_simple_6,rmse,"{""h"":7}",1.430712
14,ma_simple_6,rmse,"{""h"":8}",1.423155
14,ma_simple_6,rmse,"{""h"":9}",1.449456
15,naive_last,cov90,"{""h"":10}",0.89172
15,naive_last,cov90,"{""h"":11}",0.872611
15,naive_last,cov90,"{""h"":12}",0.866242
15,naive_last,cov90,"{""h"":13}",0.840764
15,naive_last,cov90,"{""h"":14}",0.847134
15,naive_last,cov90,"{""h"":15}",0.872611
15,naive_last,cov90,"{""h"":16}",0.89172
15,naive_last,cov90,"{""h"":17}",0.872611
15,naive_last,cov90,"{""h"":18}",0.878981
15,naive_last,cov90,"{""h"":19}",0.878981
15,naive_last,cov90,"{""h"":1}",0.89172
15,naive_last,cov90,"{""h"":20}",0.866242
15,naive_last,cov90,"{""h"":21}",0.866242
15,naive_last,cov90,"{""h"":22}",0.866242
15,naive_last,cov90,"{""h"":23}",0.834395
15,naive_last,cov90,"{""h"":24}",0.840764
15,naive_last,cov90,"{""h"":2}",0.89172
15,naive_last,cov90,"{""h"":3}",0.89172
15,naive_last,cov90,"{""h"":4}",0.88535
15,naive_last,cov90,"{""h"":5}",0.88535
15,naive_last,cov90,"{""h"":6}",0.89172
15,naive_last,cov90,"{""h"":7}",0.872611
15,naive_last,cov90,"{""h"":8}",0.866242
15,naive_last,cov90,"{""h"":9}",0.878981
15,naive_last,mean_pinball_loss,"{""h"":10}",0.367381
15,naive_last,mean_pinball_loss,"{""h"":11}",0.370331
15,naive_last,mean_pinball_loss,"{""h"":12}",0.383954
15,naive_last,mean_pinball_loss,"{""h"":13}",0.411697
15,naive_last,mean_pinball_loss,"{""h"":14}",0.452608
15,naive_last,mean_pinball_loss,"{""h"":15}",0.49795
15,naive_last,mean_pinball_loss,"{""h"":16}",0.532001
15,naive_last,mean_pinball_loss,"{""h"":17}",0.563104
15,naive_last,mean_pinball_loss,"{""h"":18}",0.579749
15,naive_last,mean_pinball_loss,"{""h"":19}",0.582386
15,naive_last,mean_pinball_loss,"{""h"":1}",0.102829
15,naive_last,mean_pinball_loss,"{""h"":20}",0.575991
15,naive_last,mean_pinball_loss,"{""h"":21}",0.568413
15,naive_last,mean_pinball_loss,"{""h"":22}",0.568274
15,naive_last,mean_pinball_loss,"{""h"":23}",0.563432
15,naive_last,mean_pinball_loss,"{""h"":24}",0.570006
15,naive_last,mean_pinball_loss,"{""h"":2}",0.195636
15,naive_last,mean_pinball_loss,"{""h"":3}",0.272894
15,naive_last,mean_pinball_loss,"{""h"":4}",0.334938
15,naive_last,mean_pinball_loss,"{""h"":5}",0.377683
15,naive_last,mean_pinball_loss,"{""h"":6}",0.39841
15,naive_last,mean_pinball_loss,"{""h"":7}",0.411187
15,naive_last,mean_pinball_loss,"{""h"":8}",0.398797
15,naive_last,mean_pinball_loss,"{""h"":9}",0.382099
15,naive_last,mae,"{""h"":10}",1.225749
15,naive_last,mae,"{""h"":11}",1.23419
15,naive_last,mae,"{""h"":12}",1.284987
15,naive_last,mae,"{""h"":13}",1.366576
15,naive_last,mae,"{""h"":14}",1.496766
15,naive_last,mae,"{""h"":15}",1.633372
15,naive_last,mae,"{""h"":16}",1.758357
15,naive_last,mae,"{""h"":17}",1.855888
15,naive_last,mae,"{""h"":18}",1.910759
15,naive_last,mae,"{""h"":19}",1.932445
15,naive_last,mae,"{""h"":1}",0.335456
15,naive_last,mae,"{""h"":20}",1.912962
15,naive_last,mae,"{""h"":21}",1.873999
15,naive_last,mae,"{""h"":22}",1.825451
15,naive_last,mae,"{""h"":23}",1.803168
15,naive_last,mae,"{""h"":24}",1.793428
15,naive_last,mae,"{""h"":2}",0.636879
15,naive_last,mae,"{""h"":3}",0.899464
15,naive_last,mae,"{""h"":4}",1.109792
15,naive_last,mae,"{""h"":5}",1.254595
15,naive_last,mae,"{""h"":6}",1.33069
15,naive_last,mae,"{""h"":7}",1.344327
15,naive_last,mae,"{""h"":8}",1.311471
15,naive_last,mae,"{""h"":9}",1.256296
15,naive_last,mae,"{""issue"":""apr"",""target"":""apr_jun_monthly_mean_max""}",0.623034
15,naive_last,mae,"{""issue"":""apr"",""target"":""september_monthly_mean""}",1.577303
15,naive_last,mae,"{""issue"":""aug"",""target"":""september_monthly_mean""}",1.052839
15,naive_last,mae,"{""issue"":""feb"",""target"":""apr_jun_monthly_mean_max""}",1.393913
15,naive_last,mae,"{""issue"":""feb"",""target"":""september_monthly_mean""}",1.288033
15,naive_last,mae,"{""issue"":""jan"",""target"":""apr_jun_monthly_mean_max""}",1.622754
15,naive_last,mae,"{""issue"":""jan"",""target"":""september_monthly_mean""}",1.232387
15,naive_last,mae,"{""issue"":""jul"",""target"":""september_monthly_mean""}",1.60939
15,naive_last,mae,"{""issue"":""jun"",""target"":""september_monthly_mean""}",1.776927
15,naive_last,mae,"{""issue"":""mar"",""target"":""apr_jun_monthly_mean_max""}",1.027496
15,naive_last,mae,"{""issue"":""mar"",""target"":""september_monthly_mean""}",1.423738
15,naive_last,mae,"{""issue"":""may"",""target"":""apr_jun_monthly_mean_max""}",0.289049
15,naive_last,mae,"{""issue"":""may"",""target"":""september_monthly_mean""}",1.702966
15,naive_last,mae_ratio,"{""h"":10}",1.0
15,naive_last,mae_ratio,"{""h"":11}",1.0
15,naive_last,mae_ratio,"{""h"":12}",1.0
15,naive_last,mae_ratio,"{""h"":13}",1.0
15,naive_last,mae_ratio,"{""h"":14}",1.0
15,naive_last,mae_ratio,"{""h"":15}",1.0
15,naive_last,mae_ratio,"{""h"":16}",1.0
15,naive_last,mae_ratio,"{""h"":17}",1.0
15,naive_last,mae_ratio,"{""h"":18}",1.0
15,naive_last,mae_ratio,"{""h"":19}",1.0
15,naive_last,mae_ratio,"{""h"":1}",1.0
15,naive_last,mae_ratio,"{""h"":20}",1.0
15,naive_last,mae_ratio,"{""h"":21}",1.0
15,naive_last,mae_ratio,"{""h"":22}",1.0
15,naive_last,mae_ratio,"{""h"":23}",1.0
15,naive_last,mae_ratio,"{""h"":24}",1.0
15,naive_last,mae_ratio,"{""h"":2}",1.0
15,naive_last,mae_ratio,"{""h"":3}",1.0
15,naive_last,mae_ratio,"{""h"":4}",1.0
15,naive_last,mae_ratio,"{""h"":5}",1.0
15,naive_last,mae_ratio,"{""h"":6}",1.0
15,naive_last,mae_ratio,"{""h"":7}",1.0
15,naive_last,mae_ratio,"{""h"":8}",1.0
15,naive_last,mae_ratio,"{""h"":9}",1.0
15,naive_last,n,"{""issue"":""apr"",""target"":""apr_jun_monthly_mean_max""}",13.0
15,naive_last,n,"{""issue"":""apr"",""target"":""september_monthly_mean""}",13.0
15,naive_last,n,"{""issue"":""aug"",""target"":""september_monthly_mean""}",13.0
15,naive_last,n,"{""issue"":""feb"",""target"":""apr_jun_monthly_mean_max""}",13.0
15,naive_last,n,"{""issue"":""feb"",""target"":""september_monthly_mean""}",13.0
15,naive_last,n,"{""issue"":""jan"",""target"":""apr_jun_monthly_mean_max""}",13.0
15,naive_last,n,"{""issue"":""jan"",""target"":""september_monthly_mean""}",13.0
15,naive_last,n,"{""issue"":""jul"",""target"":""september_monthly_mean""}",13.0
15,naive_last,n,"{""issue"":""jun"",""target"":""september_monthly_mean""}",13.0
15,naive_last,n,"{""issue"":""mar"",""target"":""apr_jun_monthly_mean_max""}",13.0
15,naive_last,n,"{""issue"":""mar"",""target"":""september_monthly_mean""}",13.0
15,naive_last,n,"{""issue"":""may"",""target"":""apr_jun_monthly_mean_max""}",13.0
15,naive_last,n,"{""issue"":""may"",""target"":""september_monthly_mean""}",13.0
15,naive_last,rmse,"{""h"":10}",1.487242
15,naive_last,rmse,"{""h"":11}",1.460488
15,naive_last,rmse,"{""h"":12}",1.506154
15,naive_last,rmse,"{""h"":13}",1.627642
15,naive_last,rmse,"{""h"":14}",1.795353
15,naive_last,rmse,"{""h"":15}",1.970199
15,naive_last,rmse,"{""h"":16}",2.12303
15,naive_last,rmse,"{""h"":17}",2.235681
15,naive_last,rmse,"{""h"":18}",2.301194
15,naive_last,rmse,"{""h"":19}",2.318196
15,naive_last,rmse,"{""h"":1}",0.414252
15,naive_last,rmse,"{""h"":20}",2.294729
15,naive_last,rmse,"{""h"":21}",2.245996
15,naive_last,rmse,"{""h"":22}",2.195277
15,naive_last,rmse,"{""h"":23}",2.168164
15,naive_last,rmse,"{""h"":24}",2.185024
15,naive_last,rmse,"{""h"":2}",0.784051
15,naive_last,rmse,"{""h"":3}",1.096966
15,naive_last,rmse,"{""h"":4}",1.340368
15,naive_last,rmse,"{""h"":5}",1.511425
15,naive_last,rmse,"{""h"":6}",1.609917
15,naive_last,rmse,"{""h"":7}",1.641059
15,naive_last,rmse,"{""h"":8}",1.61563
15,naive_last,rmse,"{""h"":9}",1.553441
16,naive_seasonal,cov90,"{""h"":10}",0.859873
16,naive_seasonal,cov90,"{""h"":11}",0.859873
16,naive_seasonal,cov90,"{""h"":12}",0.866242
16,naive_seasonal,cov90,"{""h"":13}",0.847134
16,naive_seasonal,cov90,"{""h"":14}",0.853503
16,naive_seasonal,cov90,"{""h"":15}",0.859873
16,naive_seasonal,cov90,"{""h"":16}",0.847134
16,naive_seasonal,cov90,"{""h"":17}",0.847134
16,naive_seasonal,cov90,"{""h"":18}",0.847134
16,naive_seasonal,cov90,"{""h"":19}",0.840764
16,naive_seasonal,cov90,"{""h"":1}",0.834395
16,naive_seasonal,cov90,"{""h"":20}",0.834395
16,naive_seasonal,cov90,"{""h"":21}",0.834395
16,naive_seasonal,cov90,"{""h"":22}",0.828025
16,naive_seasonal,cov90,"{""h"":23}",0.834395
16,naive_seasonal,cov90,"{""h"":24}",0.840764
16,naive_seasonal,cov90,"{""h"":2}",0.834395
16,naive_seasonal,cov90,"{""h"":3}",0.828025
16,naive_seasonal,cov90,"{""h"":4}",0.828025
16,naive_seasonal,cov90,"{""h"":5}",0.840764
16,naive_seasonal,cov90,"{""h"":6}",0.847134
16,naive_seasonal,cov90,"{""h"":7}",0.853503
16,naive_seasonal,cov90,"{""h"":8}",0.866242
16,naive_seasonal,cov90,"{""h"":9}",0.859873
16,naive_seasonal,mean_pinball_loss,"{""h"":10}",0.385112
16,naive_seasonal,mean_pinball_loss,"{""h"":11}",0.383996
16,naive_seasonal,mean_pinball_loss,"{""h"":12}",0.383954
16,naive_seasonal,mean_pinball_loss,"{""h"":13}",0.602062
16,naive_seasonal,mean_pinball_loss,"{""h"":14}",0.607964
16,naive_seasonal,mean_pinball_loss,"{""h"":15}",0.610372
16,naive_seasonal,mean_pinball_loss,"{""h"":16}",0.610023
16,naive_seasonal,mean_pinball_loss,"{""h"":17}",0.600997
16,naive_seasonal,mean_pinball_loss,"{""h"":18}",0.591037
16,naive_seasonal,mean_pinball_loss,"{""h"":19}",0.578222
16,naive_seasonal,mean_pinball_loss,"{""h"":1}",0.420271
16,naive_seasonal,mean_pinball_loss,"{""h"":20}",0.566265
16,naive_seasonal,mean_pinball_loss,"{""h"":21}",0.560497
16,naive_seasonal,mean_pinball_loss,"{""h"":22}",0.560946
16,naive_seasonal,mean_pinball_loss,"{""h"":23}",0.565349
16,naive_seasonal,mean_pinball_loss,"{""h"":24}",0.570006
16,naive_seasonal,mean_pinball_loss,"{""h"":2}",0.425835
16,naive_seasonal,mean_pinball_loss,"{""h"":3}",0.431533
16,naive_seasonal,mean_pinball_loss,"{""h"":4}",0.430107
16,naive_seasonal,mean_pinball_loss,"{""h"":5}",0.423244
16,naive_seasonal,mean_pinball_loss,"{""h"":6}",0.411331
16,naive_seasonal,mean_pinball_loss,"{""h"":7}",0.398164
16,naive_seasonal,mean_pinball_loss,"{""h"":8}",0.389824
16,naive_seasonal,mean_pinball_loss,"{""h"":9}",0.385021
16,naive_seasonal,mae,"{""h"":10}",1.27151
16,naive_seasonal,mae,"{""h"":11}",1.280855
16,naive_seasonal,mae,"{""h"":12}",1.284987
16,naive_seasonal,mae,"{""h"":13}",1.782054
16,naive_seasonal,mae,"{""h"":14}",1.772833
16,naive_seasonal,mae,"{""h"":15}",1.763374
16,naive_seasonal,mae,"{""h"":16}",1.754696
16,naive_seasonal,mae,"{""h"":17}",1.746876
16,naive_seasonal,mae,"{""h"":18}",1.74482
16,naive_seasonal,mae,"{""h"":19}",1.746363
16,naive_seasonal,mae,"{""h"":1}",1.41414
16,naive_seasonal,mae,"{""h"":20}",1.753154
16,naive_seasonal,mae,"{""h"":21}",1.768609
16,naive_seasonal,mae,"{""h"":22}",1.785658
16,naive_seasonal,mae,"{""h"":23}",1.792329
16,naive_seasonal,mae,"{""h"":24}",1.793428
16,naive_seasonal,mae,"{""h"":2}",1.392165
16,naive_seasonal,mae,"{""h"":3}",1.367867
16,naive_seasonal,mae,"{""h"":4}",1.343622
16,naive_seasonal,mae,"{""h"":5}",1.320226
16,naive_seasonal,mae,"{""h"":6}",1.301967
16,naive_seasonal,mae,"{""h"":7}",1.284762
16,naive_seasonal,mae,"{""h"":8}",1.272662
16,naive_seasonal,mae,"{""h"":9}",1.268336
16,naive_seasonal,mae,"{""issue"":""apr"",""target"":""apr_jun_monthly_mean_max""}",1.093248
16,naive_seasonal,mae,"{""issue"":""apr"",""target"":""september_monthly_mean""}",1.218531
16,naive_seasonal,mae,"{""issue"":""aug"",""target"":""september_monthly_mean""}",1.218531
16,naive_seasonal,mae,"{""issue"":""feb"",""target"":""apr_jun_monthly_mean_max""}",1.093248
16,naive_seasonal,mae,"{""issue"":""feb"",""target"":""september_monthly_mean""}",1.218531
16,naive_seasonal,mae,"{""issue"":""jan"",""target"":""apr_jun_monthly_mean_max""}",1.093248
16,naive_seasonal,mae,"{""issue"":""jan"",""target"":""september_monthly_mean""}",1.218531
16,naive_seasonal,mae,"{""issue"":""jul"",""target"":""september_monthly_mean""}",1.218531
16,naive_seasonal,mae,"{""issue"":""jun"",""target"":""september_monthly_mean""}",1.218531
16,naive_seasonal,mae,"{""issue"":""mar"",""target"":""apr_jun_monthly_mean_max""}",1.093248
16,naive_seasonal,mae,"{""issue"":""mar"",""target"":""september_monthly_mean""}",1.218531
16,naive_seasonal,mae,"{""issue"":""may"",""target"":""apr_jun_monthly_mean_max""}",0.808805
16,naive_seasonal,mae,"{""issue"":""may"",""target"":""september_monthly_mean""}",1.218531
16,naive_seasonal,mae_ratio,"{""h"":10}",1.037333
16,naive_seasonal,mae_ratio,"{""h"":11}",1.03781
16,naive_seasonal,mae_ratio,"{""h"":12}",1.0
16,naive_seasonal,mae_ratio,"{""h"":13}",1.304029
16,naive_seasonal,mae_ratio,"{""h"":14}",1.184442
16,naive_seasonal,mae_ratio,"{""h"":15}",1.079591
16,naive_seasonal,mae_ratio,"{""h"":16}",0.997918
16,naive_seasonal,mae_ratio,"{""h"":17}",0.941262
16,naive_seasonal,mae_ratio,"{""h"":18}",0.913155
16,naive_seasonal,mae_ratio,"{""h"":19}",0.903706
16,naive_seasonal,mae_ratio,"{""h"":1}",4.215578
16,naive_seasonal,mae_ratio,"{""h"":20}",0.916461
16,naive_seasonal,mae_ratio,"{""h"":21}",0.943762
16,naive_seasonal,mae_ratio,"{""h"":22}",0.978201
16,naive_seasonal,mae_ratio,"{""h"":23}",0.993989
16,naive_seasonal,mae_ratio,"{""h"":24}",1.0
16,naive_seasonal,mae_ratio,"{""h"":2}",2.185917
16,naive_seasonal,mae_ratio,"{""h"":3}",1.520759
16,naive_seasonal,mae_ratio,"{""h"":4}",1.210698
16,naive_seasonal,mae_ratio,"{""h"":5}",1.052313
16,naive_seasonal,mae_ratio,"{""h"":6}",0.978415
16,naive_seasonal,mae_ratio,"{""h"":7}",0.955691
16,naive_seasonal,mae_ratio,"{""h"":8}",0.970408
16,naive_seasonal,mae_ratio,"{""h"":9}",1.009584
16,naive_seasonal,n,"{""issue"":""apr"",""target"":""apr_jun_monthly_mean_max""}",13.0
16,naive_seasonal,n,"{""issue"":""apr"",""target"":""september_monthly_mean""}",13.0
16,naive_seasonal,n,"{""issue"":""aug"",""target"":""september_monthly_mean""}",13.0
16,naive_seasonal,n,"{""issue"":""feb"",""target"":""apr_jun_monthly_mean_max""}",13.0
16,naive_seasonal,n,"{""issue"":""feb"",""target"":""september_monthly_mean""}",13.0
16,naive_seasonal,n,"{""issue"":""jan"",""target"":""apr_jun_monthly_mean_max""}",13.0
16,naive_seasonal,n,"{""issue"":""jan"",""target"":""september_monthly_mean""}",13.0
16,naive_seasonal,n,"{""issue"":""jul"",""target"":""september_monthly_mean""}",13.0
16,naive_seasonal,n,"{""issue"":""jun"",""target"":""september_monthly_mean""}",13.0
16,naive_seasonal,n,"{""issue"":""mar"",""target"":""apr_jun_monthly_mean_max""}",13.0
16,naive_seasonal,n,"{""issue"":""mar"",""target"":""september_monthly_mean""}",13.0
16,naive_seasonal,n,"{""issue"":""may"",""target"":""apr_jun_monthly_mean_max""}",13.0
16,naive_seasonal,n,"{""issue"":""may"",""target"":""september_monthly_mean""}",13.0
16,naive_seasonal,rmse,"{""h"":10}",1.496773
16,naive_seasonal,rmse,"{""h"":11}",1.502775
16,naive_seasonal,rmse,"{""h"":12}",1.506154
16,naive_seasonal,rmse,"{""h"":13}",2.169829
16,naive_seasonal,rmse,"{""h"":14}",2.162422
16,naive_seasonal,rmse,"{""h"":15}",2.154991
16,naive_seasonal,rmse,"{""h"":16}",2.147989
16,naive_seasonal,rmse,"{""h"":17}",2.142282
16,naive_seasonal,rmse,"{""h"":18}",2.140758
16,naive_seasonal,rmse,"{""h"":19}",2.141989
16,naive_seasonal,rmse,"{""h"":1}",1.673692
16,naive_seasonal,rmse,"{""h"":20}",2.147752
16,naive_seasonal,rmse,"{""h"":21}",2.16034
16,naive_seasonal,rmse,"{""h"":22}",2.175584
16,naive_seasonal,rmse,"{""h"":23}",2.183605
16,naive_seasonal,rmse,"{""h"":24}",2.185024
16,naive_seasonal,rmse,"{""h"":2}",1.649171
16,naive_seasonal,rmse,"{""h"":3}",1.620627
16,naive_seasonal,rmse,"{""h"":4}",1.590326
16,naive_seasonal,rmse,"{""h"":5}",1.562446
16,naive_seasonal,rmse,"{""h"":6}",1.539689
16,naive_seasonal,rmse,"{""h"":7}",1.515832
16,naive_seasonal,rmse,"{""h"":8}",1.499138
16,naive_seasonal,rmse,"{""h"":9}",1.493502
17,swe_head,cov90,"{""h"":10}",0.88535
17,swe_head,cov90,"{""h"":11}",0.872611
17,swe_head,cov90,"{""h"":12}",0.88535
17,swe_head,cov90,"{""h"":13}",0.878981
17,swe_head,cov90,"{""h"":14}",0.878981
17,swe_head,cov90,"{""h"":15}",0.866242
17,swe_head,cov90,"{""h"":16}",0.859873
17,swe_head,cov90,"{""h"":17}",0.872611
17,swe_head,cov90,"{""h"":18}",0.866242
17,swe_head,cov90,"{""h"":19}",0.859873
17,swe_head,cov90,"{""h"":1}",0.898089
17,swe_head,cov90,"{""h"":20}",0.853503
17,swe_head,cov90,"{""h"":21}",0.847134
17,swe_head,cov90,"{""h"":22}",0.853503
17,swe_head,cov90,"{""h"":23}",0.853503
17,swe_head,cov90,"{""h"":24}",0.859873
17,swe_head,cov90,"{""h"":2}",0.88535
17,swe_head,cov90,"{""h"":3}",0.88535
17,swe_head,cov90,"{""h"":4}",0.89172
17,swe_head,cov90,"{""h"":5}",0.89172
17,swe_head,cov90,"{""h"":6}",0.878981
17,swe_head,cov90,"{""h"":7}",0.88535
17,swe_head,cov90,"{""h"":8}",0.878981
17,swe_head,cov90,"{""h"":9}",0.89172
17,swe_head,mean_pinball_loss,"{""h"":10}",0.285725
17,swe_head,mean_pinball_loss,"{""h"":11}",0.316566
17,swe_head,mean_pinball_loss,"{""h"":12}",0.350043
17,swe_head,mean_pinball_loss,"{""h"":13}",0.381013
17,swe_head,mean_pinball_loss,"{""h"":14}",0.414722
17,swe_head,mean_pinball_loss,"{""h"":15}",0.441508
17,swe_head,mean_pinball_loss,"{""h"":16}",0.466001
17,swe_head,mean_pinball_loss,"{""h"":17}",0.504762
17,swe_head,mean_pinball_loss,"{""h"":18}",0.537011
17,swe_head,mean_pinball_loss,"{""h"":19}",0.566772
17,swe_head,mean_pinball_loss,"{""h"":1}",0.042659
17,swe_head,mean_pinball_loss,"{""h"":20}",0.596101
17,swe_head,mean_pinball_loss,"{""h"":21}",0.618362
17,swe_head,mean_pinball_loss,"{""h"":22}",0.648834
17,swe_head,mean_pinball_loss,"{""h"":23}",0.69172
17,swe_head,mean_pinball_loss,"{""h"":24}",0.724529
17,swe_head,mean_pinball_loss,"{""h"":2}",0.075562
17,swe_head,mean_pinball_loss,"{""h"":3}",0.105743
17,swe_head,mean_pinball_loss,"{""h"":4}",0.132141
17,swe_head,mean_pinball_loss,"{""h"":5}",0.15453
17,swe_head,mean_pinball_loss,"{""h"":6}",0.184818
17,swe_head,mean_pinball_loss,"{""h"":7}",0.205634
17,swe_head,mean_pinball_loss,"{""h"":8}",0.235099
17,swe_head,mean_pinball_loss,"{""h"":9}",0.260123
17,swe_head,mae,"{""h"":10}",0.855576
17,swe_head,mae,"{""h"":11}",0.950997
17,swe_head,mae,"{""h"":12}",1.06541
17,swe_head,mae,"{""h"":13}",1.182557
17,swe_head,mae,"{""h"":14}",1.302648
17,swe_head,mae,"{""h"":15}",1.401212
17,swe_head,mae,"{""h"":16}",1.491872
17,swe_head,mae,"{""h"":17}",1.604871
17,swe_head,mae,"{""h"":18}",1.719542
17,swe_head,mae,"{""h"":19}",1.818584
17,swe_head,mae,"{""h"":1}",0.126071
17,swe_head,mae,"{""h"":20}",1.918425
17,swe_head,mae,"{""h"":21}",2.017264
17,swe_head,mae,"{""h"":22}",2.114369
17,swe_head,mae,"{""h"":23}",2.214338
17,swe_head,mae,"{""h"":24}",2.321621
17,swe_head,mae,"{""h"":2}",0.223822
17,swe_head,mae,"{""h"":3}",0.31689
17,swe_head,mae,"{""h"":4}",0.390418
17,swe_head,mae,"{""h"":5}",0.449045
17,swe_head,mae,"{""h"":6}",0.51193
17,swe_head,mae,"{""h"":7}",0.585743
17,swe_head,mae,"{""h"":8}",0.674157
17,swe_head,mae,"{""h"":9}",0.757794
17,swe_head,mae,"{""issue"":""apr"",""target"":""apr_jun_monthly_mean_max""}",0.302581
17,swe_head,mae,"{""issue"":""apr"",""target"":""september_monthly_mean""}",0.50329
17,swe_head,mae,"{""issue"":""aug"",""target"":""september_monthly_mean""}",0.183851
17,swe_head,mae,"{""issue"":""feb"",""target"":""apr_jun_monthly_mean_max""}",0.560628
17,swe_head,mae,"{""issue"":""feb"",""target"":""september_monthly_mean""}",0.701519
17,swe_head,mae,"{""issue"":""jan"",""target"":""apr_jun_monthly_mean_max""}",0.695462
17,swe_head,mae,"{""issue"":""jan"",""target"":""september_monthly_mean""}",0.885365
17,swe_head,mae,"{""issue"":""jul"",""target"":""september_monthly_mean""}",0.290251
17,swe_head,mae,"{""issue"":""jun"",""target"":""september_monthly_mean""}",0.362619
17,swe_head,mae,"{""issue"":""mar"",""target"":""apr_jun_monthly_mean_max""}",0.415645
17,swe_head,mae,"{""issue"":""mar"",""target"":""september_monthly_mean""}",0.61675
17,swe_head,mae,"{""issue"":""may"",""target"":""apr_jun_monthly_mean_max""}",0.122044
17,swe_head,mae,"{""issue"":""may"",""target"":""september_monthly_mean""}",0.378495
17,swe_head,mae_ratio,"{""h"":10}",0.698002
17,swe_head,mae_ratio,"{""h"":11}",0.770544
17,swe_head,mae_ratio,"{""h"":12}",0.829121
17,swe_head,mae_ratio,"{""h"":13}",0.865343
17,swe_head,mae_ratio,"{""h"":14}",0.870308
17,swe_head,mae_ratio,"{""h"":15}",0.857864
17,swe_head,mae_ratio,"{""h"":16}",0.848447
17,swe_head,mae_ratio,"{""h"":17}",0.864746
17,swe_head,mae_ratio,"{""h"":18}",0.899926
17,swe_head,mae_ratio,"{""h"":19}",0.941079
17,swe_head,mae_ratio,"{""h"":1}",0.375821
17,swe_head,mae_ratio,"{""h"":20}",1.002856
17,swe_head,mae_ratio,"{""h"":21}",1.076449
17,swe_head,mae_ratio,"{""h"":22}",1.158272
17,swe_head,mae_ratio,"{""h"":23}",1.228026
17,swe_head,mae_ratio,"{""h"":24}",1.294516
17,swe_head,mae_ratio,"{""h"":2}",0.351436
17,swe_head,mae_ratio,"{""h"":3}",0.352309
17,swe_head,mae_ratio,"{""h"":4}",0.351794
17,swe_head,mae_ratio,"{""h"":5}",0.35792
17,swe_head,mae_ratio,"{""h"":6}",0.38471
17,swe_head,mae_ratio,"{""h"":7}",0.435715
17,swe_head,mae_ratio,"{""h"":8}",0.514046
17,swe_head,mae_ratio,"{""h"":9}",0.603197
17,swe_head,n,"{""issue"":""apr"",""target"":""apr_jun_monthly_mean_max""}",13.0
17,swe_head,n,"{""issue"":""apr"",""target"":""september_monthly_mean""}",13.0
17,swe_head,n,"{""issue"":""aug"",""target"":""september_monthly_mean""}",13.0
17,swe_head,n,"{""issue"":""feb"",""target"":""apr_jun_monthly_mean_max""}",13.0
17,swe_head,n,"{""issue"":""feb"",""target"":""september_monthly_mean""}",13.0
17,swe_head,n,"{""issue"":""jan"",""target"":""apr_jun_monthly_mean_max""}",13.0
17,swe_head,n,"{""issue"":""jan"",""target"":""september_monthly_mean""}",13.0
17,swe_head,n,"{""issue"":""jul"",""target"":""september_monthly_mean""}",13.0
17,swe_head,n,"{""issue"":""jun"",""target"":""september_monthly_mean""}",13.0
17,swe_head,n,"{""issue"":""mar"",""target"":""apr_jun_monthly_mean_max""}",13.0
17,swe_head,n,"{""issue"":""mar"",""target"":""september_monthly_mean""}",13.0
17,swe_head,n,"{""issue"":""may"",""target"":""apr_jun_monthly_mean_max""}",13.0
17,swe_head,n,"{""issue"":""may"",""target"":""september_monthly_mean""}",13.0
17,swe_head,rmse,"{""h"":10}",1.176575
17,swe_head,rmse,"{""h"":11}",1.28005
17,swe_head,rmse,"{""h"":12}",1.391839
17,swe_head,rmse,"{""h"":13}",1.514875
17,swe_head,rmse,"{""h"":14}",1.642147
17,swe_head,rmse,"{""h"":15}",1.754555
17,swe_head,rmse,"{""h"":16}",1.868895
17,swe_head,rmse,"{""h"":17}",1.975436
17,swe_head,rmse,"{""h"":18}",2.083174
17,swe_head,rmse,"{""h"":19}",2.20206
17,swe_head,rmse,"{""h"":1}",0.17478
17,swe_head,rmse,"{""h"":20}",2.317262
17,swe_head,rmse,"{""h"":21}",2.441261
17,swe_head,rmse,"{""h"":22}",2.562867
17,swe_head,rmse,"{""h"":23}",2.674109
17,swe_head,rmse,"{""h"":24}",2.797216
17,swe_head,rmse,"{""h"":2}",0.310222
17,swe_head,rmse,"{""h"":3}",0.427507
17,swe_head,rmse,"{""h"":4}",0.544844
17,swe_head,rmse,"{""h"":5}",0.644761
17,swe_head,rmse,"{""h"":6}",0.755603
17,swe_head,rmse,"{""h"":7}",0.862668
17,swe_head,rmse,"{""h"":8}",0.974287
17,swe_head,rmse,"{""h"":9}",1.072514
18,swe_regression,cov90,"{""h"":10}",0.88535
18,swe_regression,cov90,"{""h"":11}",0.89172
18,swe_regression,cov90,"{""h"":12}",0.88535
18,swe_regression,cov90,"{""h"":13}",0.878981
18,swe_regression,cov90,"{""h"":14}",0.878981
18,swe_regression,cov90,"{""h"":15}",0.872611
18,swe_regression,cov90,"{""h"":16}",0.866242
18,swe_regression,cov90,"{""h"":17}",0.853503
18,swe_regression,cov90,"{""h"":18}",0.866242
18,swe_regression,cov90,"{""h"":19}",0.866242
18,swe_regression,cov90,"{""h"":1}",0.88535
18,swe_regression,cov90,"{""h"":20}",0.866242
18,swe_regression,cov90,"{""h"":21}",0.866242
18,swe_regression,cov90,"{""h"":22}",0.859873
18,swe_regression,cov90,"{""h"":23}",0.859873
18,swe_regression,cov90,"{""h"":24}",0.859873
18,swe_regression,cov90,"{""h"":2}",0.872611
18,swe_regression,cov90,"{""h"":3}",0.878981
18,swe_regression,cov90,"{""h"":4}",0.878981
18,swe_regression,cov90,"{""h"":5}",0.88535
18,swe_regression,cov90,"{""h"":6}",0.88535
18,swe_regression,cov90,"{""h"":7}",0.88535
18,swe_regression,cov90,"{""h"":8}",0.89172
18,swe_regression,cov90,"{""h"":9}",0.89172
18,swe_regression,mean_pinball_loss,"{""h"":10}",0.291226
18,swe_regression,mean_pinball_loss,"{""h"":11}",0.31524
18,swe_regression,mean_pinball_loss,"{""h"":12}",0.355353
18,swe_regression,mean_pinball_loss,"{""h"":13}",0.380146
18,swe_regression,mean_pinball_loss,"{""h"":14}",0.406533
18,swe_regression,mean_pinball_loss,"{""h"":15}",0.436529
18,swe_regression,mean_pinball_loss,"{""h"":16}",0.449122
18,swe_regression,mean_pinball_loss,"{""h"":17}",0.465896
18,swe_regression,mean_pinball_loss,"{""h"":18}",0.479615
18,swe_regression,mean_pinball_loss,"{""h"":19}",0.499828
18,swe_regression,mean_pinball_loss,"{""h"":1}",0.041227
18,swe_regression,mean_pinball_loss,"{""h"":20}",0.508286
18,swe_regression,mean_pinball_loss,"{""h"":21}",0.5283
18,swe_regression,mean_pinball_loss,"{""h"":22}",0.547172
18,swe_regression,mean_pinball_loss,"{""h"":23}",0.564925
18,swe_regression,mean_pinball_loss,"{""h"":24}",0.577327
18,swe_regression,mean_pinball_loss,"{""h"":2}",0.074329
18,swe_regression,mean_pinball_loss,"{""h"":3}",0.101586
18,swe_regression,mean_pinball_loss,"{""h"":4}",0.131562
18,swe_regression,mean_pinball_loss,"{""h"":5}",0.158689
18,swe_regression,mean_pinball_loss,"{""h"":6}",0.187138
18,swe_regression,mean_pinball_loss,"{""h"":7}",0.211356
18,swe_regression,mean_pinball_loss,"{""h"":8}",0.238071
18,swe_regression,mean_pinball_loss,"{""h"":9}",0.266173
18,swe_regression,mae,"{""h"":10}",0.868328
18,swe_regression,mae,"{""h"":11}",0.958525
18,swe_regression,mae,"{""h"":12}",1.066114
18,swe_regression,mae,"{""h"":13}",1.176565
18,swe_regression,mae,"{""h"":14}",1.268687
18,swe_regression,mae,"{""h"":15}",1.354558
18,swe_regression,mae,"{""h"":16}",1.437858
18,swe_regression,mae,"{""h"":17}",1.494748
18,swe_regression,mae,"{""h"":18}",1.556181
18,swe_regression,mae,"{""h"":19}",1.625024
18,swe_regression,mae,"{""h"":1}",0.124542
18,swe_regression,mae,"{""h"":20}",1.69039
18,swe_regression,mae,"{""h"":21}",1.75484
18,swe_regression,mae,"{""h"":22}",1.82576
18,swe_regression,mae,"{""h"":23}",1.88964
18,swe_regression,mae,"{""h"":24}",1.954313
18,swe_regression,mae,"{""h"":2}",0.222148
18,swe_regression,mae,"{""h"":3}",0.307083
18,swe_regression,mae,"{""h"":4}",0.389684
18,swe_regression,mae,"{""h"":5}",0.465022
18,swe_regression,mae,"{""h"":6}",0.545507
18,swe_regression,mae,"{""h"":7}",0.625883
18,swe_regression,mae,"{""h"":8}",0.710791
18,swe_regression,mae,"{""h"":9}",0.787962
18,swe_regression,mae,"{""issue"":""apr"",""target"":""apr_jun_monthly_mean_max""}",0.255756
18,swe_regression,mae,"{""issue"":""apr"",""target"":""september_monthly_mean""}",0.464959
18,swe_regression,mae,"{""issue"":""aug"",""target"":""september_monthly_mean""}",0.178596
18,swe_regression,mae,"{""issue"":""feb"",""target"":""apr_jun_monthly_mean_max""}",0.613659
18,swe_regression,mae,"{""issue"":""feb"",""target"":""september_monthly_mean""}",0.684177
18,swe_regression,mae,"{""issue"":""jan"",""target"":""apr_jun_monthly_mean_max""}",0.848497
18,swe_regression,mae,"{""issue"":""jan"",""target"":""september_monthly_mean""}",0.968051
18,swe_regression,mae,"{""issue"":""jul"",""target"":""september_monthly_mean""}",0.264594
18,swe_regression,mae,"{""issue"":""jun"",""target"":""september_monthly_mean""}",0.320104
18,swe_regression,mae,"{""issue"":""mar"",""target"":""apr_jun_monthly_mean_max""}",0.438003
18,swe_regression,mae,"{""issue"":""mar"",""target"":""september_monthly_mean""}",0.618089
18,swe_regression,mae,"{""issue"":""may"",""target"":""apr_jun_monthly_mean_max""}",0.142785
18,swe_regression,mae,"{""issue"":""may"",""target"":""september_monthly_mean""}",0.324489
18,swe_regression,mae_ratio,"{""h"":10}",0.708406
18,swe_regression,mae_ratio,"{""h"":11}",0.776643
18,swe_regression,mae_ratio,"{""h"":12}",0.829669
18,swe_regression,mae_ratio,"{""h"":13}",0.860958
18,swe_regression,mae_ratio,"{""h"":14}",0.847618
18,swe_regression,mae_ratio,"{""h"":15}",0.829301
18,swe_regression,mae_ratio,"{""h"":16}",0.817728
18,swe_regression,mae_ratio,"{""h"":17}",0.805408
18,swe_regression,mae_ratio,"{""h"":18}",0.814431
18,swe_regression,mae_ratio,"{""h"":19}",0.840916
18,swe_regression,mae_ratio,"{""h"":1}",0.371261
18,swe_regression,mae_ratio,"{""h"":20}",0.883651
18,swe_regression,mae_ratio,"{""h"":21}",0.936414
18,swe_regression,mae_ratio,"{""h"":22}",1.000169
18,swe_regression,mae_ratio,"{""h"":23}",1.047955
18,swe_regression,mae_ratio,"{""h"":24}",1.089708
18,swe_regression,mae_ratio,"{""h"":2}",0.348808
18,swe_regression,mae_ratio,"{""h"":3}",0.341406
18,swe_regression,mae_ratio,"{""h"":4}",0.351133
18,swe_regression,mae_ratio,"{""h"":5}",0.370655
18,swe_regression,mae_ratio,"{""h"":6}",0.409943
18,swe_regression,mae_ratio,"{""h"":7}",0.465573
18,swe_regression,mae_ratio,"{""h"":8}",0.54198
18,swe_regression,mae_ratio,"{""h"":9}",0.62721
18,swe_regression,n,"{""issue"":""apr"",""target"":""apr_jun_monthly_mean_max""}",13.0
18,swe_regression,n,"{""issue"":""apr"",""target"":""september_monthly_mean""}",13.0
18,swe_regression,n,"{""issue"":""aug"",""target"":""september_monthly_mean""}",13.0
18,swe_regression,n,"{""issue"":""feb"",""target"":""apr_jun_monthly_mean_max""}",13.0
18,swe_regression,n,"{""issue"":""feb"",""target"":""september_monthly_mean""}",13.0
18,swe_regression,n,"{""issue"":""jan"",""target"":""apr_jun_monthly_mean_max""}",13.0
18,swe_regression,n,"{""issue"":""jan"",""target"":""september_monthly_mean""}",13.0
18,swe_regression,n,"{""issue"":""jul"",""target"":""september_monthly_mean""}",13.0
18,swe_regression,n,"{""issue"":""jun"",""target"":""september_monthly_mean""}",13.0
18,swe_regression,n,"{""issue"":""mar"",""target"":""apr_jun_monthly_mean_max""}",13.0
18,swe_regression,n,"{""issue"":""mar"",""target"":""september_monthly_mean""}",13.0
18,swe_regression,n,"{""issue"":""may"",""target"":""apr_jun_monthly_mean_max""}",13.0
18,swe_regression,n,"{""issue"":""may"",""target"":""september_monthly_mean""}",13.0
18,swe_regression,rmse,"{""h"":10}",1.135968
18,swe_regression,rmse,"{""h"":11}",1.22479
18,swe_regression,rmse,"{""h"":12}",1.325494
18,swe_regression,rmse,"{""h"":13}",1.418392
18,swe_regression,rmse,"{""h"":14}",1.505088
18,swe_regression,rmse,"{""h"":15}",1.587782
18,swe_regression,rmse,"{""h"":16}",1.667142
18,swe_regression,rmse,"{""h"":17}",1.740599
18,swe_regression,rmse,"{""h"":18}",1.808249
18,swe_regression,rmse,"{""h"":19}",1.88695
18,swe_regression,rmse,"{""h"":1}",0.17005
18,swe_regression,rmse,"{""h"":20}",1.958153
18,swe_regression,rmse,"{""h"":21}",2.034044
18,swe_regression,rmse,"{""h"":22}",2.115858
18,swe_regression,rmse,"{""h"":23}",2.198614
18,swe_regression,rmse,"{""h"":24}",2.272604
18,swe_regression,rmse,"{""h"":2}",0.299445
18,swe_regression,rmse,"{""h"":3}",0.4157
18,swe_regression,rmse,"{""h"":4}",0.535168
18,swe_regression,rmse,"{""h"":5}",0.645284
18,swe_regression,rmse,"{""h"":6}",0.754345
18,swe_regression,rmse,"{""h"":7}",0.851801
18,swe_regression,rmse,"{""h"":8}",0.953657
18,swe_regression,rmse,"{""h"":9}",1.049334
19,theta,cov90,"{""h"":10}",0.88535
19,theta,cov90,"{""h"":11}",0.872611
19,theta,cov90,"{""h"":12}",0.847134
19,theta,cov90,"{""h"":13}",0.834395
19,theta,cov90,"{""h"":14}",0.847134
19,theta,cov90,"{""h"":15}",0.872611
19,theta,cov90,"{""h"":16}",0.89172
19,theta,cov90,"{""h"":17}",0.866242
19,theta,cov90,"{""h"":18}",0.878981
19,theta,cov90,"{""h"":19}",0.872611
19,theta,cov90,"{""h"":1}",0.89172
19,theta,cov90,"{""h"":20}",0.866242
19,theta,cov90,"{""h"":21}",0.866242
19,theta,cov90,"{""h"":22}",0.872611
19,theta,cov90,"{""h"":23}",0.840764
19,theta,cov90,"{""h"":24}",0.821656
19,theta,cov90,"{""h"":2}",0.88535
19,theta,cov90,"{""h"":3}",0.89172
19,theta,cov90,"{""h"":4}",0.88535
19,theta,cov90,"{""h"":5}",0.88535
19,theta,cov90,"{""h"":6}",0.89172
19,theta,cov90,"{""h"":7}",0.872611
19,theta,cov90,"{""h"":8}",0.872611
19,theta,cov90,"{""h"":9}",0.872611
19,theta,mean_pinball_loss,"{""h"":10}",0.369075
19,theta,mean_pinball_loss,"{""h"":11}",0.372802
19,theta,mean_pinball_loss,"{""h"":12}",0.38614
19,theta,mean_pinball_loss,"{""h"":13}",0.412936
19,theta,mean_pinball_loss,"{""h"":14}",0.453968
19,theta,mean_pinball_loss,"{""h"":15}",0.498924
19,theta,mean_pinball_loss,"{""h"":16}",0.534974
19,theta,mean_pinball_loss,"{""h"":17}",0.564818
19,theta,mean_pinball_loss,"{""h"":18}",0.581747
19,theta,mean_pinball_loss,"{""h"":19}",0.586839
19,theta,mean_pinball_loss,"{""h"":1}",0.102891
19,theta,mean_pinball_loss,"{""h"":20}",0.57919
19,theta,mean_pinball_loss,"{""h"":21}",0.569927
19,theta,mean_pinball_loss,"{""h"":22}",0.569974
19,theta,mean_pinball_loss,"{""h"":23}",0.568151
19,theta,mean_pinball_loss,"{""h"":24}",0.571065
19,theta,mean_pinball_loss,"{""h"":2}",0.19567
19,theta,mean_pinball_loss,"{""h"":3}",0.272956
19,theta,mean_pinball_loss,"{""h"":4}",0.335115
19,theta,mean_pinball_loss,"{""h"":5}",0.378048
19,theta,mean_pinball_loss,"{""h"":6}",0.398795
19,theta,mean_pinball_loss,"{""h"":7}",0.412026
19,theta,mean_pinball_loss,"{""h"":8}",0.399654
19,theta,mean_pinball_loss,"{""h"":9}",0.383085
19,theta,mae,"{""h"":10}",1.230227
19,theta,mae,"{""h"":11}",1.240053
19,theta,mae,"{""h"":12}",1.291575
19,theta,mae,"{""h"":13}",1.373471
19,theta,mae,"{""h"":14}",1.503938
19,theta,mae,"{""h"":15}",1.641639
19,theta,mae,"{""h"":16}",1.766665
19,theta,mae,"{""h"":17}",1.86452
19,theta,mae,"{""h"":18}",1.919891
19,theta,mae,"{""h"":19}",1.941786
19,theta,mae,"{""h"":1}",0.335482
19,theta,mae,"{""h"":20}",1.92247
19,theta,mae,"{""h"":21}",1.883654
19,theta,mae,"{""h"":22}",1.83579
19,theta,mae,"{""h"":23}",1.81337
19,theta,mae,"{""h"":24}",1.804305
19,theta,mae,"{""h"":2}",0.63702
19,theta,mae,"{""h"":3}",0.899475
19,theta,mae,"{""h"":4}",1.11014
19,theta,mae,"{""h"":5}",1.254752
19,theta,mae,"{""h"":6}",1.331199
19,theta,mae,"{""h"":7}",1.345467
19,theta,mae,"{""h"":8}",1.313333
19,theta,mae,"{""h"":9}",1.259913
19,theta,mae,"{""issue"":""apr"",""target"":""apr_jun_monthly_mean_max""}",0.621084
19,theta,mae,"{""issue"":""apr"",""target"":""september_monthly_mean""}",1.580233
19,theta,mae,"{""issue"":""aug"",""target"":""september_monthly_mean""}",1.053057
19,theta,mae,"{""issue"":""feb"",""target"":""apr_jun_monthly_mean_max""}",1.391527
19,theta,mae,"{""issue"":""feb"",""target"":""september_monthly_mean""}",1.294453
19,theta,mae,"{""issue"":""jan"",""target"":""apr_jun_monthly_mean_max""}",1.619921
19,theta,mae,"{""issue"":""jan"",""target"":""september_monthly_mean""}",1.239722
19,theta,mae,"{""issue"":""jul"",""target"":""september_monthly_mean""}",1.609805
19,theta,mae,"{""issue"":""jun"",""target"":""september_monthly_mean""}",1.777585
19,theta,mae,"{""issue"":""mar"",""target"":""apr_jun_monthly_mean_max""}",1.025482
19,theta,mae,"{""issue"":""mar"",""target"":""september_monthly_mean""}",1.427129
19,theta,mae,"{""issue"":""may"",""target"":""apr_jun_monthly_mean_max""}",0.289709
19,theta,mae,"{""issue"":""may"",""target"":""september_monthly_mean""}",1.705297
19,theta,mae_ratio,"{""h"":10}",1.003653
19,theta,mae_ratio,"{""h"":11}",1.00475
19,theta,mae_ratio,"{""h"":12}",1.005127
19,theta,mae_ratio,"{""h"":13}",1.005045
19,theta,mae_ratio,"{""h"":14}",1.004791
19,theta,mae_ratio,"{""h"":15}",1.005061
19,theta,mae_ratio,"{""h"":16}",1.004725
19,theta,mae_ratio,"{""h"":17}",1.004651
19,theta,mae_ratio,"{""h"":18}",1.004779
19,theta,mae_ratio,"{""h"":19}",1.004834
19,theta,mae_ratio,"{""h"":1}",1.000078
19,theta,mae_ratio,"{""h"":20}",1.00497
19,theta,mae_ratio,"{""h"":21}",1.005152
19,theta,mae_ratio,"{""h"":22}",1.005663
19,theta,mae_ratio,"{""h"":23}",1.005658
19,theta,mae_ratio,"{""h"":24}",1.006065
19,theta,mae_ratio,"{""h"":2}",1.000221
19,theta,mae_ratio,"{""h"":3}",1.000013
19,theta,mae_ratio,"{""h"":4}",1.000314
19,theta,mae_ratio,"{""h"":5}",1.000126
19,theta,mae_ratio,"{""h"":6}",1.000382
19,theta,mae_ratio,"{""h"":7}",1.000848
19,theta,mae_ratio,"{""h"":8}",1.00142
19,theta,mae_ratio,"{""h"":9}",1.002879
19,theta,n,"{""issue"":""apr"",""target"":""apr_jun_monthly_mean_max""}",13.0
19,theta,n,"{""issue"":""apr"",""target"":""september_monthly_mean""}",13.0
19,theta,n,"{""issue"":""aug"",""target"":""september_monthly_mean""}",13.0
19,theta,n,"{""issue"":""feb"",""target"":""apr_jun_monthly_mean_max""}",13.0
19,theta,n,"{""issue"":""feb"",""target"":""september_monthly_mean""}",13.0
19,theta,n,"{""issue"":""jan"",""target"":""apr_jun_monthly_mean_max""}",13.0
19,theta,n,"{""issue"":""jan"",""target"":""september_monthly_mean""}",13.0
19,theta,n,"{""issue"":""jul"",""target"":""september_monthly_mean""}",13.0
19,theta,n,"{""issue"":""jun"",""target"":""september_monthly_mean""}",13.0
19,theta,n,"{""issue"":""mar"",""target"":""apr_jun_monthly_mean_max""}",13.0
19,theta,n,"{""issue"":""mar"",""target"":""september_monthly_mean""}",13.0
19,theta,n,"{""issue"":""may"",""target"":""apr_jun_monthly_mean_max""}",13.0
19,theta,n,"{""issue"":""may"",""target"":""september_monthly_mean""}",13.0
19,theta,rmse,"{""h"":10}",1.492463
19,theta,rmse,"{""h"":11}",1.466909
19,theta,rmse,"{""h"":12}",1.513404
19,theta,rmse,"{""h"":13}",1.635249
19,theta,rmse,"{""h"":14}",1.803049
19,theta,rmse,"{""h"":15}",1.977935
19,theta,rmse,"{""h"":16}",2.130919
19,theta,rmse,"{""h"":17}",2.243918
19,theta,rmse,"{""h"":18}",2.309982
19,theta,rmse,"{""h"":19}",2.327794
19,theta,rmse,"{""h"":1}",0.41443
19,theta,rmse,"{""h"":20}",2.305407
19,theta,rmse,"{""h"":21}",2.257955
19,theta,rmse,"{""h"":22}",2.208538
19,theta,rmse,"{""h"":23}",2.182514
19,theta,rmse,"{""h"":24}",2.200025
19,theta,rmse,"{""h"":2}",0.784397
19,theta,rmse,"{""h"":3}",1.097499
19,theta,rmse,"{""h"":4}",1.341137
19,theta,rmse,"{""h"":5}",1.512507
19,theta,rmse,"{""h"":6}",1.611417
19,theta,rmse,"{""h"":7}",1.643157
19,theta,rmse,"{""h"":8}",1.618538
19,theta,rmse,"{""h"":9}",1.557407
